OBJECTID_1,OBJECTID,JOIN_COUNT,TARGET_FID,ID,AREA,PERIMETER,PRECINCT_,CONGRESS,LEGIS,COUNCIL,BDED,ELECT,DASH_LABEL,DANDP,DISTRICT,PRECINCT,SHAPE_LENG,OBJECTID_12,FacType,Label,ObjectID_12_13,X,Y,District_P,Building_N,Location,x_lat,y_lat,city_state,street_add,POLL_X,SHAPE_Length,SHAPE_Area,POLL_Y
1,6,1,5,0,20682840.3824,20115.8104977,266,8,16,1,3, 7,07-13,07013,07,13,20115.8106072,17,MIDDLE SCHOOLS,07-13 Westland MS,69,1281251.5277649,471193.39842023,07-13,Westland MS, 5511 Massachusetts Ave Bethesda MD 20816,-77.1093078909839,38.9604372953997,Bethesda MD 20816,5511 Massachusetts Ave,-77.1093078909839,20115.8106071474,20682839.9766497,38.9604372953997
2,7,1,6,0,17969746.4899,17334.3013098,265,8,16,1,3, 7,07-11,07011,07,11,17334.3010086,15,ELEMENTARY SCHOOLS,07-11 Somerset ES,67,1286060.20809454,474376.657633424,07-11,Somerset ES, 5811 Warwick Pl Chevy Chase MD 20815,-77.0924081619999,38.9691922144001,Chevy Chase MD 20815,5811 Warwick Pl,-77.0924081619999,17334.3010086001,17969746.7055463,38.9691922144001
3,8,1,7,0,23264760.2613,24716.4764042,264,8,18,1,3, 7,07-02,07002,07,02,24716.4767278,177,PRIVATE,07-02 Chevy Chase Village Hall,201,1290290.11003311,474937.80345498,07-02,Chevy Chase Village Hall, 5906 Connecticut Ave Chevy Chase MD 20815,-77.0775323825311,38.9707437714667,CHEVY CHASE MD 20815,5906 CONNECTICUT AVE,-77.0775323825311,24716.4767278519,23264760.821339,38.9707437714667
4,9,1,8,0,22176927.8277,30417.2493767,253,8,20,5,4,13,13-67,13067,13,67,21015.9404688,225,PRIVATE,13-67 Don Bosco Cristo Rey,158,1315098.00006932,477200.000248432,13-67,Don Bosco Cristo Rey High School, 1010 Larch Ave Takoma Park MD 20912,-76.9902750187002,38.9769804158067,Takoma Park MD 20912,1010 Larch Ave,-76.9902750187002,21015.9404688075,10939593.2879235,38.9769804158067
5,10,1,9,0,11901389.626,17126.348936,263,8,20,5,4,13,13-06,13006,13,06,17126.3491293,152,ELEMENTARY SCHOOLS,13-06 Piney Branch ES,126,1309667.25005838,479076.093722627,13-06,Piney Branch ES, 7510 Maple Ave Takoma Park MD 20912,-77.0093788825,38.9821316553,Takoma Park MD 20912,7510 Maple Ave,-77.0093788825,17126.3491292474,11901389.6994749,38.9821316553
6,11,1,10,0,26052399.3703,26096.2927843,262,8,16,1,3, 7,07-22,07022,07,22,26096.2924796,21,ELEMENTARY SCHOOLS,07-22 Bannockburn ES,205,1273005.62506106,476280.750159115,07-22,Bannockburn ES, 6520 Dalroy Ln Bethesda MD 20817,-77.1383339932,38.9743750070002,BETHESDA MD 20817,6520 DALROY LN,-77.1383339932,26096.2924795537,26052399.2108479,38.9743750070002
7,12,1,11,0,18823091.5683,18350.6587195,261,8,16,1,3, 7,07-04,07004,07,04,18350.6588597,11,ELEMENTARY SCHOOLS,07-04 Bethesda ES,61,1283947.1248737,480667.718746737,07-04,Bethesda ES, 7600 Arlington Rd Bethesda MD 20814,-77.0998645245,38.9864595389001,Bethesda MD 20814,7600 Arlington Rd,-77.0998645245,18350.6588596393,18823091.4327683,38.9864595389001
8,13,1,12,0,13948897.0159,15380.6427576,260,8,18,1,3, 7,07-06,07006,07,06,15380.6429133,14,ELEMENTARY SCHOOLS,07-06 Chevy Chase ES,66,1289523.2501096,477787.781114444,07-06,Chevy Chase ES, 4015 Rosemary St Chevy Chase MD 20815,-77.0802384597999,38.9785671729001,Chevy Chase MD 20815,4015 Rosemary St,-77.0802384597999,15380.6429133402,13948896.712622,38.9785671729001
9,14,1,13,0,6841057.92187,12470.4699196,259,8,18,1,3, 7,07-21,07021,07,21,12470.4696329,182,PRIVATE,07-21 Chevy Chase United Methodist Ch,72,1290547.25765057,478404.452804089,07-21,Chevy Chase United Methodist Church, 7001 Connecticut Ave Chevy Chase MD 20815,-77.0766381569124,38.9802627906503,Chevy Chase MD 20815,7001 Connecticut Ave,-77.0766381569124,12470.4696329063,6841057.89402075,38.9802627906503
10,15,1,14,0,43271549.1346,31822.1367873,258,8,16,1,3, 7,07-23,07023,07,23,31822.13691,23,HIGH SCHOOLS,07-23 Walt Whitman HS,73,1276040.25008912,478918.906226739,07-23,Walt Whitman HS, 7100 Whittier Blvd Bethesda MD 20817,-77.1276727864999,38.9816307564001,Bethesda MD 20817,7100 Whittier Blv,-77.1276727864999,31822.1369099613,43271549.0716908,38.9816307564001
11,16,1,15,0,66651696.3682,36902.7582268,257,8,16,1,3, 7,07-03,07003,07,03,36902.7581354,178,PRIVATE,07-03 Clara Barton Comm Ctr,59,1268933.9061511,475947.093146905,07-03,Clara Barton Community Center, 7425 Mac Arthur Blvd Cabin John MD 20818,-77.1526541500824,38.9734410631245,Cabin John MD 20818,7425 Mac Arthur Blv,-77.1526541500824,36902.7581354083,66651696.165963,38.9734410631245
12,18,1,17,0,16466749.5628,20846.800327,255,8,18,1,3, 7,07-05,07005,07,05,20846.7994127,160,CENTER,07-05 Rollingwood School Center,62,1294196.62632407,480885.950112298,07-05,Rollingwood School Center, 3200 Woodbine St Chevy Chase MD 20815,-77.0638066645767,38.9870839661468,Chevy Chase MD 20815,3200 Woodbine St,-77.0638066645767,20846.7994126432,16466749.4973849,38.9870839661468
13,19,1,18,0,5760179.48328,14130.0967614,254,8,20,5,4,13,13-47,13047,13,47,14130.0969459,204,PRIVATE,13-47 MC Cultural Arts Center,233,1304921.40659231,480837.19061406,13-47,Montgomery College Cultural Arts Center, 7995 Georgia Ave Silver Spring MD 20910,-77.0260758195333,38.9869645836374,SILVER SPRING MD 20910,7995 GEORGIA AVE,-77.0260758195333,14130.0969459021,5760179.4666256,38.9869645836374
14,20,1,19,0,22176927.8277,30417.2493767,253,8,20,5,4,13,13-68,13068,13,68,17497.4730852,208,PRIVATE,13-68 Takoma Park Rec Ctr,159,1315766.32371332,479208.267804369,13-68,Takoma Park Recreation Center, 7315 New Hampshire Ave Takoma Park MD 20912,-76.9879231914392,38.9824943195202,Takoma Park MD 20912,7315 New Hampshire Ave,-76.9879231914392,17497.4730851797,11237334.2570255,38.9824943195202
15,21,1,20,0,15618650.1679,23674.5520291,252,8,20,5,4,13,13-04,13004,13,04,23674.551379,151,ELEMENTARY SCHOOLS,13-04 Takoma Park ES,127,1308804.25010152,479268.531303838,13-04,Takoma Park ES, 7511 Holly Ave Takoma Park MD 20912,-77.0124148794,38.9826597502001,Takoma Park MD 20912,7511 Holly Ave,-77.0124148794,23674.5513790271,15618649.8338434,38.9826597502001
16,22,1,21,0,10117509.252,22630.553813,251,8,20,5,4,13,13-08,13008,13,08,22630.5541347,149,ELEMENTARY SCHOOLS,13-08 East Silver Spring ES,129,1308010.12498106,482814.281301752,13-08,East Silver Spring ES, 631 Silver Spring Ave Silver Spring MD 20910,-77.0152105918999,38.9923950104,Silver Spring MD 20910,631 Silver Spring Ave,-77.0152105918999,22630.5541347204,10117509.3006288,38.9923950104
17,23,1,22,0,14660424.0058,20083.1569338,250,8,18,1,3,13,13-39,13039,13,39,20083.1554618,218,Elementary School,13-39 Rock Creek Forest ES,143,1297893.85281138,482871.66236788,13-39,Rock Creek Forest ES, 8330 Grubb Rd Chevy Chase MD 20815,-77.0508033600635,38.9925425188112,Chevy Chase MD 20815,8330 Grubb Rd,-77.0508033600635,20083.1554617662,14660424.205805,38.9925425188112
18,1,1,0,0,17885188.9409,21911.9092499,271,8,16,1,3, 7,07-27,07027,07,27,21911.9095631,185,PRIVATE,07-27 St.Dunstan's Episcopal Ch,77,1281219.11363766,470170.827651605,07-27,St. Dunstan's Episcopal Church, 5450 Massachusetts Ave Bethesda MD 20816,-77.1094175739295,38.9576294950604,Bethesda MD 20816,5450 Massachusetts Ave,-77.1094175739295,21911.9095630501,17885189.1710512,38.9576294950604
19,2,1,1,0,14335332.4344,18101.8904649,270,8,16,1,3, 7,07-24,07024,07,24,18101.8905216,183,PRIVATE,07-24 Little Flower School Hall,74,1280505.72799878,470945.603152737,07-24,Little Flower School Hall, 5601 Massachusetts Ave Bethesda MD 20816,-77.1119296340569,38.9597544375908,Bethesda MD 20816,5601 Massachusetts Ave,-77.1119296340569,18101.8905215544,14335332.6450139,38.9597544375908
20,3,1,2,0,11983193.657,18244.6060266,269,8,16,1,3, 7,07-07,07007,07,07,18244.6053848,16,ELEMENTARY SCHOOLS,07-07 Westbrook ES,64,1283095.75008668,470475.156294465,07-07,Westbrook ES, 5110 Allan Ter Bethesda MD 20816,-77.1028193264,38.9584710865,Bethesda MD 20816,5110 Allan Ter,-77.1028193264,18244.6053848402,11983193.9343088,38.9584710865
21,4,1,3,0,4455604.6776,12631.3022692,268,8,16,1,3, 7,07-26,07026,07,26,12631.3016276,184,PRIVATE,07-26 Friendship Heights Village Ctr,245,1287035.17488605,472420.193832472,07-26,Friendship Heights Village Center, 4433 S Park Ave Chevy Chase MD 20815,-77.0889722922187,38.9638229774556,CHEVY CHASE MD 20815,4433 S PARK AVE,-77.0889722922187,12631.3016276365,4455604.60253907,38.9638229774556
22,5,1,4,0,50356494.8486,34038.0724461,267,8,16,1,3, 7,07-18,07018,07,18,34038.0724837,181,PRIVATE,07-18 Washington Waldorf School,68,1277720.39506707,468278.218242779,07-18,Washington Waldorf School, 4800 Sangamore Rd Bethesda MD 20816,-77.1217124272364,38.9524207533851,Bethesda MD 20816,4800 Sangamore Rd,-77.1217124272364,34038.072483727,50356494.6616069,38.9524207533851
23,42,1,41,0,27155017.1067,20862.9308897,231,8,16,1,3, 7,07-19,07019,07,19,20862.930958,6,MIDDLE SCHOOLS,07-19 North Bethesda MS,70,1276853.00005703,487277.031199813,07-19,North Bethesda MS,8935 Bradmoor Dr Bethesda MD 20817,-77.1248538896,39.0045827558001,Bethesda MD 20817,8935 Bradmoor Dr,-77.1248538896,20862.9309579813,27155017.2132459,39.0045827558001
24,43,1,42,0,25728870.0262,22655.0114229,230,8,20,5,4,13,13-14,13014,13,14,22655.0110258,198,PRIVATE,13-14 St.Luke Lutheran Ch,132,1305541.06326719,487392.912670374,13-14,St. Luke Luthern Church, 9100 Colesville Rd Silver Spring MD 20910,-77.0239018508635,39.0049651084647,Silver Spring MD 20910,9100 Colesville Rd,-77.0239018508635,22655.0110257643,25728869.7124605,39.0049651084647
25,44,1,43,0,26475916.0798,29830.5126412,229,8,20,5,4,13,13-15,13015,13,15,29830.5132514,115,MIDDLE SCHOOLS,13-15 Eastern MS,256,1312081.62497915,489898.156301498,13-15,Eastern MS, 300 University Blvd E Silver Spring MD 20901,-77.0008858418,39.0118461813001,Silver Spring MD 20901,300 E University Blv,-77.0008858418,29830.5132514258,26475916.0523662,39.0118461813001
26,45,1,44,0,15158917.0038,21042.2551106,228,8,20,5,5, 5,05-14,05014,05,14,21042.2545278,130,ELEMENTARY SCHOOLS,05-14 JoAnn LeLeck ES,154,1316542.12498416,488992.812517777,05-14,JoAnn LeLeck at Broad Acres ES, 710 Beacon Rd Silver Spring MD 20903,-76.9851884398998,39.0093594505,Silver Spring MD 20903,710 Beacon Rd,-76.9851884398998,21042.2545277619,15158917.0486886,39.0093594505
27,50,1,49,0,48887711.4449,37030.590184,223,6,16,1,3,10,10-03,10003,10,03,37030.5904648,20,ELEMENTARY SCHOOLS,10-03 Seven Locks ES,112,1266469.24453364,490280.141468599,10-03,Seven Locks ES, 9500 Seven Locks Rd Bethesda MD 20817,-77.1614125326651,39.0127836675479,Bethesda MD 20817,9500 Seven Locks Rd,-77.1614125326651,37030.5904648222,48887711.742244,39.0127836675479
28,51,1,50,0,37902372.1982,37687.5465105,222,8,18,1,3,13,13-03,13003,13,03,37687.5465496,7,MIDDLE SCHOOLS,13-03 Silver Creek MS,223,1291177.99968106,491537.999787569,13-03,Silver Creek Middle School,3701 Saul Rd Kensington MD 20895,-77.0744570419797,39.0163250009742,KENSINGTON MD 20895,3701 Saul Rd,-77.0744570419797,37687.5465495502,37902372.5735324,39.0163250009742
29,52,1,51,0,21771483.2235,20131.6619683,221,8,16,1,3, 7,07-20,07020,07,20,20131.6611771,229,ELEMENTARY SCHOOL,07-20 Ashburton ES,209,1276144.65999718,492705.919695824,07-20,Ashburton Elementary School,6314 Lone Oak Dr Bethesda MD 20817,-77.1273731625568,39.0194861147791,Bethesda MD 20817,6314 Lone Oak Dr,-77.1273731625568,20131.6611770998,21771483.1976903,39.0194861147791
30,53,1,52,0,21480312.9176,20990.1874974,220,8,18,5,4,13,13-58,13058,13,58,20990.1873143,220,Elementary School,13-58 Flora M. Singer ES,155,1296734.00031564,492295.999938563,13-58,Flora M. Singer ES, 2600 Hayden Dr Silver Spring MD 20902,-77.0549040858449,39.0184170422935,Silver Spring MD 20902,2600 Hayden Dr,-77.0549040858449,20990.1873142881,21480312.9493744,39.0184170422935
31,54,1,53,0,12471474.9916,16783.9694021,219,8,20,5,4,13,13-19,13019,13,19,16783.9691857,199,PRIVATE,13-19 Margaret Schweinhaut Snr Ctr,227,1304887.73093738,491952.624255106,13-19,Margaret Schweinhaut Senior Center, 1000 Forest Glen Rd Silver Spring MD 20901,-77.0262055190948,39.0174841850952,SILVER SPRING MD 20901,1000 FOREST GLEN RD,-77.0262055190948,16783.9691856802,12471475.0162674,39.0174841850952
32,55,1,54,0,15513737.4233,16237.7462142,218,8,18,5,4,13,13-24,13024,13,24,16237.7459196,200,PRIVATE,13-24 Holy Cross Resource Inst,226,1302423.79093082,491914.854220524,13-24,Holy Cross Resource Institute, 9805 Dameron Dr Silver Spring MD 20902,-77.0348775431701,39.0173782169347,SILVER SPRING MD 20902,9805 DAMERON DR,-77.0348775431701,16237.7459196297,15513737.5100506,39.0173782169347
33,46,1,45,0,1101483.65959,4585.66512671,227,8,16,1,3, 7,07-31,07031,07,31,4585.66461308,186,PRIVATE,07-31 The Promenade Party Room,207,1282068.14017148,491111.463173643,07-31,The Promenade Party Room, 5225 Pooks Hill Rd Bethesda MD 20814,-77.1065177801025,39.0151290705903,BETHESDA MD 20814,5225 POOKS HILL RD,-77.1065177801025,4585.66461306342,1101483.53677347,39.0151290705903
34,47,1,46,0,24091993.4164,32124.3288362,226,8,16,1,3, 7,07-28,07028,07,28,32124.3289553,18,ELEMENTARY SCHOOLS,07-28 Bradley Hills ES,75,1278780.8748517,485490.781303793,07-28,Bradley Hills ES, 8701 Hartsdale Ave Bethesda MD 20817,-77.118061653,38.9996852991001,Bethesda MD 20817,8701 Hartsdale Ave,-77.118061653,32124.3289552619,24091993.6904169,38.9996852991001
35,48,1,47,0,20645516.0219,23326.7079837,225,8,16,1,3, 7,07-10,07010,07,10,23326.7079954,179,PRIVATE,07-10 St.Jane Frances de Chantal Ch,244,1279232.22531992,490434.82396175,07-10,St. Jane Frances de Chantal Catholic Church, 9601 Old Georgetown Rd Bethesda MD 20814,-77.1164956799093,39.0132617183376,BETHESDA MD 20814,9601 OLD GEORGETOWN RD,-77.1164956799093,23326.7079954621,20645516.1276409,39.0132617183376
36,49,1,48,0,31498469.1709,37523.9974133,224,8,16,1,3, 7,07-09,07009,07,09,37523.9981377,159,CENTER,07-09 Lynbrook School Center,202,1287597.6276491,482599.061320648,07-09,Lynbrook School Center, 8001 Lynbrook Dr Bethesda MD 20814,-77.0870283045618,38.9917726951697,BETHESDA MD 20814,8001 LYNBROOK DR,-77.0870283045618,37523.9981376866,31498469.5461367,38.9917726951697
37,24,1,23,0,15969992.4865,28289.5315006,249,8,20,5,4,13,13-21,13021,13,21,28289.5325402,148,MIDDLE SCHOOLS,13-21 Takoma Park MS,230,1308615.00005756,480277.281257764,13-21,Takoma Park MS, 7611 Piney Branch Rd Silver Spring MD 20910,-77.0130811462,38.9854294113,SILVER SPRING MD 20910,7611 PINEY BRANCH RD,-77.0130811462,28289.5325401954,15969992.1557031,38.9854294113
38,25,1,24,0,17663810.52,22431.2378115,248,8,18,1,3, 7,07-32,07032,07,32,22431.2385633,187,PRIVATE,07-32 Chevy Chase Library,208,1290554.79414748,482357.584266886,07-32,Chevy Chase Library, 8005 Connecticut Ave Chevy Chase MD 20815,-77.0766233175299,38.9911169486195,CHEVY CHASE MD 20815,8005 CONNECTICUT AVE,-77.0766233175299,22431.2385632515,17663810.5948358,38.9911169486195
39,27,1,26,0,17172285.6231,19931.3516014,246,8,16,1,3, 7,07-12,07012,07,12,19931.3516027,180,PRIVATE,07-12 Connie Morella Bethesda Library,203,1284209.71918021,479501.074024782,07-12,Connie Morella Bethesda Library, 7400 Arlington Rd Bethesda MD 20814,-77.098936253233,38.9832570596546,BETHESDA MD 20814,7400 ARLINGTON RD,-77.098936253233,19931.3516026743,17172285.7445114,38.9832570596546
40,28,1,27,0,15026925.9044,19039.2750335,245,8,20,5,4,13,13-22,13022,13,22,19039.2758233,153,ELEMENTARY SCHOOLS,13-22 Rolling Terrace ES,135,1313111.7500845,483823.906301513,13-22,Rolling Terrace ES, 705 Bayfield St Takoma Park MD 20912,-76.9972611450999,38.9951680980001,Takoma Park MD 20912,705 Bayfield St,-76.9972611450999,19039.2758233268,15026926.0930031,38.9951680980001
41,29,1,28,0,2803895.04432,9949.92902324,244,8,20,5,3,13,13-65,13065,13,65,9949.92938398,221,PRIVATE,13-65 Gwendolyn E. Coffield Rec Ctr,163,1297873.62763762,485095.023101285,13-65,Gwendolyn E. Coffield Rec Ctr, 2450 Lyttonsville Rd Silver Spring MD 20910,-77.0508788794449,38.9986471736486,Silver Spring MD 20910,2450 Lyttonsville Rd,-77.0508788794449,9949.92938401007,2803895.09036704,38.9986471736486
42,30,1,29,0,10807733.5183,14638.7789371,243,8,18,5,3,13,13-16,13016,13,16,14638.7793845,150,ELEMENTARY SCHOOLS,13-16 Rosemary Hills ES,133,1299501.74995093,486071.500117809,13-16,Rosemary Hills ES, 2111 Porter Rd Silver Spring MD 20910,-77.0451517607,39.0013306373001,Silver Spring MD 20910,2111 Porter Rd,-77.0451517607,14638.7793844595,10807733.4159102,39.0013306373001
43,31,1,30,0,15158917.0038,21042.2551106,228,8,20,5,5, 5,05-14,05014,05,14,1642.09689496,130,ELEMENTARY SCHOOLS,05-14 JoAnn LeLeck ES,154,1316542.12498416,488992.812517777,05-14,JoAnn LeLeck at Broad Acres ES, 710 Beacon Rd Silver Spring MD 20903,-76.9851884398998,39.0093594505,Silver Spring MD 20903,710 Beacon Rd,-76.9851884398998,1642.09689496721,30985.3959588153,39.0093594505
44,35,1,34,0,124094526.205,59356.0456301,238,8,16,1,3,10,10-10,10010,10,10,59356.0477093,195,PRIVATE,10-10 River Falls Swim Club,220,1251746.01393625,482124.808225036,10-10,River Falls Swim Club, 7915 Horseshoe Ln Potomac MD 20854,-77.2131617909629,38.9903086875439,POTOMAC MD 20854,7915 HORSESHOE LN,-77.2131617909629,59356.047709226,124094525.756829,38.9903086875439
45,36,1,35,0,56640138.5106,35714.7763632,237,8,16,1,3, 7,07-15,07015,07,15,35714.7769045,19,MIDDLE SCHOOLS,07-15 Thomas W Pyle MS,204,1275492.24999523,481545.687551111,07-15,Thomas W Pyle MS, 6311 Wilson Ln Bethesda MD 20817,-77.1296136733999,38.9888410039001,BETHESDA MD 20817,6311 WILSON LN,-77.1296136733999,35714.776904508,56640138.4193201,38.9888410039001
46,37,1,36,0,9550772.93878,17227.8172445,236,8,20,5,4,13,13-13,13013,13,13,17227.8174191,117,ELEMENTARY SCHOOLS,13-13 Highland View ES,130,1309389.8750383,487132.156215593,13-13,Highland View ES, 9010 Providence Ave Silver Spring MD 20901,-77.0103578618999,39.0042511332,Silver Spring MD 20901,9010 Providence Ave,-77.0103578618999,17227.8174190976,9550772.98614145,39.0042511332
47,38,1,37,0,25486469.336,27117.9722087,235,8,18,1,3, 7,07-16,07016,07,16,27117.9731137,13,ELEMENTARY SCHOOLS,07-16 North Chevy Chase ES,71,1291463.99989174,485144.312547669,07-16,North Chevy Chase ES, 3700 Jones Bridge Rd Chevy Chase MD 20815,-77.0734323519999,38.9987705251,Chevy Chase MD 20815,3700 Jones Bridge Rd,-77.0734323519999,27117.9731136943,25486469.2001799,38.9987705251
48,39,1,38,0,13590587.7205,15759.4344863,234,8,20,5,4,13,13-18,13018,13,18,15759.4350672,118,ELEMENTARY SCHOOLS,13-18 Oak View ES,262,1311646.87507123,487232.124900013,13-18,Oak View ES, 400 E Wayne Ave Silver Spring MD 20901,-77.0024156168,39.0045260505001,SILVER SPRING MD 20901,400 E WAYNE AVE,-77.0024156168,15759.4350671803,13590587.7866061,39.0045260505001
49,40,1,39,0,16150538.053,18070.0331524,233,8,18,5,4,13,13-07,13007,13,07,18070.0332972,147,ELEMENTARY SCHOOLS,13-07 Woodlin ES,128,1299042.37508324,487968.06256333,13-07,Woodlin ES, 2101 Luzerne Ave Silver Spring MD 20910,-77.0467716273999,39.0065373884001,Silver Spring MD 20910,2101 Luzerne Ave,-77.0467716273999,18070.0332971787,16150538.0589067,39.0065373884001
50,41,1,40,0,99526038.6936,57764.2784299,232,8,16,1,3,10,10-07,10007,10,07,57764.2794149,22,ELEMENTARY SCHOOLS,10-07 Carderock Springs ES,255,1263508.87490204,479545.812441528,10-07,Carderock Springs ES, 7401 Persimmon Tree Ln Bethesda MD 20817,-77.1717600545999,38.9832956271,BETHESDA MD 20817,7401 PERSIMMON TREE LN,-77.1717600545999,57764.2794148467,99526038.8464415,38.9832956271
51,74,1,73,0,13190421.334,17702.9189833,199,8,18,4,4,13,13-32,13032,13,32,17702.9192705,122,ELEMENTARY SCHOOLS,13-32 Glen Haven ES,141,1301832.83322039,497819.517376795,13-32,Glen Haven ES, 10900 Inwood Ave Silver Spring MD 20902,-77.0369658881559,39.0335899213207,Silver Spring MD 20902,10900 Inwood Ave,-77.0369658881559,17702.9192705062,13190421.180273,39.0335899213207
52,75,1,74,0,25514136.9537,22744.7449093,198,6,15,1,3,10,10-12,10012,10,12,22744.7449866,48,ELEMENTARY SCHOOLS,10-12 Bells Mill ES,118,1264400.12505053,497286.968629047,10-12,Bells Mill ES, 8225 Bells Mill Rd Potomac MD 20854,-77.1687400874,39.0320119149001,Potomac MD 20854,8225 Bells Mill Rd,-77.1687400874,22744.7449865107,25514136.9585732,39.0320119149001
53,76,1,75,0,12695538.8787,16222.8307971,197,3,20,5,5, 5,05-10,05010,05,10,16222.8309685,2,ELEMENTARY SCHOOLS,05-10 Cresthaven ES,44,1315564.01388681,495687.513913617,05-10,Cresthaven ES, 1234 Cresthaven Dr Silver Spring MD 20903,-76.9886276689068,39.0277414031548,Silver Spring MD 20903,1234 Cresthaven Dr,-76.9886276689068,16222.8309684859,12695539.0854791,39.0277414031548
54,77,1,76,0,16401569.3908,19776.3703864,196,8,18,4,4,13,13-40,13040,13,40,19776.3706749,113,ELEMENTARY SCHOOLS,13-40 Rock View ES,145,1290463.99987136,499984.249898896,13-40,Rock View ES, 3901 Denfeld Ave Kensington MD 20895,-77.0769950641,39.0395140953,Kensington MD 20895,3901 Denfeld Ave,-77.0769950641,19776.3706748841,16401569.6123268,39.0395140953
55,78,1,77,0,15188500.9848,18216.3761446,195,8,19,4,4,13,13-33,13033,13,33,18216.375672,120,ELEMENTARY SCHOOLS,13-33 Kemp Mill ES,142,1307491.62488246,501477.499945506,13-33,Kemp Mill ES, 411 Sisson St Silver Spring MD 20902,-77.0170471224999,39.0436381558001,Silver Spring MD 20902,411 Sisson St,-77.0170471224999,18216.3756719676,15188500.9734149,39.0436381558001
56,56,1,55,0,76028057.9046,37161.0358489,217,6,16,1,3,10,10-09,10009,10,09,37161.0351139,194,PRIVATE,10-09 Our Lady of Mercy School,114,1262830.82573824,489017.730860248,10-09,Our Lady of Mercy School, 9222 Kentsdale Dr Potomac MD 20854,-77.1742089530429,39.0092991169048,Potomac MD 20854,9222 Kentsdale Dr,-77.1742089530429,37161.0351138754,76028057.6020968,39.0092991169048
57,57,1,56,0,9356550.91757,15412.3356364,216,8,18,5,4,13,13-31,13031,13,31,15412.3354116,121,ELEMENTARY SCHOOLS,13-31 Oakland Terrace ES,140,1296029.37480746,496012.218696788,13-31,Oakland Terrace ES, 2720 Plyers Mill Rd Silver Spring MD 20902,-77.0573923387,39.0286194203,Silver Spring MD 20902,2720 Plyers Mill Rd,-77.0573923387,15412.3354115432,9356550.91276981,39.0286194203
58,58,1,57,0,22061092.1297,22217.2213776,215,8,20,5,4,13,13-23,13023,13,23,22217.2221276,119,ELEMENTARY SCHOOLS,13-23 Pine Crest ES,136,1310902.12495586,493345.374969691,13-23,Pine Crest ES, 201 Woodmoor Dr Silver Spring MD 20901,-77.0050375471999,39.0213110705,Silver Spring MD 20901,201 Woodmoor Dr,-77.0050375471999,22217.222127615,22061092.0223758,39.0213110705
59,59,1,58,0,21348958.3245,21292.9506861,214,8,16,1,3, 7,07-25,07025,07,25,21292.9508549,158,CENTER,07-25 Grosvenor School Center,206,1279923.30286188,494122.722551689,07-25,"Grosvenor, Alef Bet Montessori School", 5701 Grosvenor Ln Bethesda MD 20814,-77.1140797312119,39.0233899295369,BETHESDA MD 20814,5701 GROSVENOR LN,-77.1140797312119,21292.9508549388,21348958.4913157,39.0233899295369
60,60,1,59,0,11455222.0893,15594.1416815,213,8,18,4,4,13,13-53,13053,13,53,15594.1417161,127,MIDDLE SCHOOLS,13-53 Sligo MS,153,1302993.24999265,495338.406175479,13-53,Sligo MS, 1401 Dennis Ave Silver Spring MD 20902,-77.0328776196,39.0267787982001,Silver Spring MD 20902,1401 Dennis Ave,-77.0328776196,15594.1417161545,11455222.2272971,39.0267787982001
61,61,1,60,0,35237553.7473,30739.0278308,212,8,18,1,3,13,13-38,13038,13,38,30739.0267817,232,ELEMENTARY SCHOOLS,13-38 Kensington Parkwood ES,257,1285368.25003734,493535.843570516,13-38,Kensington Parkwood ES,4710 Saul Rd Kensington MD 20895,-77.0949119853998,39.0217956579,Kensington MD 20895,4710 Saul Rd,-77.0949119853998,30739.0267817147,35237553.3202669,39.0217956579
62,62,1,61,0,8900875.45911,18609.4958129,211,8,16,1,3, 4,04-31,04031,04,31,18609.4958158,10,HIGH SCHOOLS,04-31 Walter Johnson HS,30,1275372.5001048,494857.937443629,04-31,Walter Johnson HS, 6400 Rock Spring Dr Bethesda MD 20814,-77.1301017225999,39.0253918855,Bethesda MD 20814,6400 Rock Spring Dr,-77.1301017225999,18609.495815823,8900875.42124796,39.0253918855
63,63,1,62,0,11235139.7475,20207.4931016,210,8,18,1,3, 4,04-04,04004,04,04,20207.4920004,165,PRIVATE,04-04 Parkside Clubhouse North,177,1284922.90830325,496258.523258165,04-04,Parkside Clubhouse North, 10522 Montrose Ave Bethesda MD 20814,-77.0964896321072,39.0292699922103,BETHESDA MD 20814,10522 MONTROSE AVE,-77.0964896321072,20207.4920003676,11235139.644067,39.0292699922103
64,64,1,63,0,154139393.096,65755.85768,209,8,16,1,3,10,10-02,10002,10,02,65755.8577353,228,PRIVATE,10-02 Potomac Presbyterian Ch,219,1252030.809931,493258.759797499,10-02,Potomac Presbyterian CH, 10301 River Rd Potomac MD 20854,-77.2122508861216,39.0208808786891,POTOMAC MD 20854,10301 RIVER RD,-77.2122508861216,65755.8577352007,154139393.648095,39.0208808786891
65,65,1,64,0,31975355.3393,27236.959785,208,6,15,1,3,10,10-04,10004,10,04,27236.9600081,53,MIDDLE SCHOOLS,10-04 Cabin John MS,116,1263467.62505592,497130.812504321,10-04,Cabin John MS, 10701 Gainsborough Rd Potomac MD 20854,-77.1720217393999,39.0315783821002,Potomac MD 20854,10701 Gainsborough Rd,-77.1720217393999,27236.9600081693,31975355.2917802,39.0315783821002
66,66,1,65,0,47948554.3034,33066.6374012,207,3,20,5,5, 5,05-03,05003,05,03,33066.6383906,129,MIDDLE SCHOOLS,05-03 Francis Scott Key MS,37,1314545.87508273,495641.968704805,05-03,Francis Scott Key MS, 910 Schindler Dr Silver Spring MD 20903,-76.9922116368998,39.0276166438001,Silver Spring MD 20903,910 Schindler Dr,-76.9922116368998,33066.6383906202,47948554.4036368,39.0276166438001
67,67,1,66,0,9743065.51991,13867.5273722,206,8,20,5,4,13,13-42,13042,13,42,13867.527378,203,PRIVATE,13-42 The Arc Montgomery Karasik Ctr,148,1304847.08033757,496771.003017381,13-42,The Arc Montgomery Karasik Center, 10611 Tenbrook Dr Silver Spring MD 20901,-77.0263534885241,39.0307139059377,Silver Spring MD 20901,10611 Tenbrook Dr,-77.0263534885241,13867.5273779997,9743065.55456552,39.0307139059377
68,68,1,67,0,19074591.346,21572.4478132,205,8,18,1,3,13,13-34,13034,13,34,21572.44753,201,PRIVATE,13-34 Kensington Town Hall,232,1291022.31183536,494998.915214941,13-34,Kensington Town Hall, 3710 Mitchell St Kensington MD 20895,-77.0750150007449,39.0258272399528,KENSINGTON MD 20895,3710 MITCHELL ST,-77.0750150007449,21572.4475300252,19074591.3625836,39.0258272399528
69,69,1,68,0,21770390.0435,21804.5913371,204,6,15,1,3,10,10-11,10011,10,11,21804.5912994,196,PRIVATE,10-11 Pauline Betz Addie Tennis Ctr,221,1267125.00810167,494548.814853832,10-11,Pauline Betz Addie Tennis Center, 7801 Democracy Blvd Bethesda MD 20817,-77.1591308526865,39.0245072597569,BETHESDA MD 20817,7801 DEMOCRACY BLVD,-77.1591308526865,21804.5912993394,21770390.2037001,39.0245072597569
70,70,1,69,0,1260299.36854,5333.35241024,203,8,19,4,4,13,13-57,13057,13,57,5333.35246317,211,PRIVATE,13-57 Arcola Towers,269,1303625.30121833,499722.150656134,13-57,Arcola Towers, 1135 University Blvd W Silver Spring MD 20902,-77.030657946139,39.0388157629371, Silver Spring MD 20902,1135 UNIVERSITY BLVD W,-77.030657946139,5333.35246316186,1260299.39270634,39.0388157629371
71,71,1,70,0,21218958.2258,20029.3976573,202,8,19,5,4,13,13-11,13011,13,11,20029.3972494,116,ELEMENTARY SCHOOLS,13-11 Forest Knolls ES,131,1306533.00017317,497716.249913454,13-11,Forest Knolls ES, 10830 Eastwood Ave Silver Spring MD 20901,-77.0204193722999,39.0333104381002,Silver Spring MD 20901,10830 Eastwood Ave,-77.0204193722999,20029.3972493568,21218958.1834159,39.0333104381002
72,73,1,72,0,13589660.0827,16606.6535189,200,8,18,4,4,13,13-59,13059,13,59,16606.6533808,212,PRIVATE,13-59 Stephen Knolls School,261,1297806.97565022,497914.857757896,13-59,Stephen Knolls School, 10731 St Margarets Way Kensington MD 20895,-77.0511386748367,39.0338463613663,Kensington MD 20895,10731 ST MARGARETS WAY,-77.0511386748367,16606.6533808378,13589660.1693108,39.0338463613663
73,94,1,93,0,15450213.6637,20333.2559835,179,8,18,4,4,13,13-30,13030,13,30,20333.2560385,4,PRIVATE,13-30 Holiday Park Snr Ctr,259,1290266.17013992,504143.409944162,13-30,Holiday Park Senior Center, 3950 Ferrara Dr Wheaton MD 20906,-77.077704024285,39.0509333239899,SILVER SPRING MD 20906,3950 FERRARA DR,-77.077704024285,20333.2560384664,15450213.5106066,39.0509333239899
74,95,1,94,0,4868172.54385,15406.5311679,178,3,14,5,5, 5,05-04,05004,05,04,15406.5309272,171,PRIVATE,05-04 Riderwood Village,191,1326244.48101412,503166.914839819,05-04,RIDERWOOD VILLAGE, 3120 Gracefield Rd Silver Spring MD 20904,-76.9510171927719,39.0482677296781,SILVER SPRING MD 20904,3120 GRACEFIELD RD,-76.9510171927719,15406.5309271862,4868172.73540494,39.0482677296781
75,101,1,100,0,38727049.9348,28831.5582942,172,6,15,1,3,10,10-06,10006,10,06,28831.5581521,224,ELEMENTARY SCHOOLS,10-06 Wayside ES,113,1253745.02999134,502969.779854596,10-06,Wayside ES, 10011 Glen Rd Potomac MD 20854,-77.2062944915357,39.0475549478999,Potomac MD 20854,10011 Glen Rd,-77.2062944915357,28831.5581521508,38727050.0101508,39.0475549478999
76,103,1,102,0,42823277.8154,33748.5382052,170,3,20,5,5, 5,05-06,05006,05,06,33748.5383998,134,MIDDLE SCHOOLS,05-06 White Oak MS,41,1313681.19439295,506105.170183197,05-06,White Oak MS, 12201 New Hampshire Ave Silver Spring MD 20904,-76.9952534823489,39.0563453560006,Silver Spring MD 20904,12201 New Hampshire Ave,-76.9952534823489,33748.5383997458,42823277.5221288,39.0563453560006
77,104,1,103,0,33960632.3974,28521.9460249,169,8,19,4,4,13,13-63,13063,13,63,28521.9453186,128,ELEMENTARY SCHOOLS,13-63 Glenallan ES,167,1300590.36114448,507884.17023471,13-63,Glenallan ES, 12520 Heurich Rd Silver Spring MD 20902,-77.0413559290663,39.0612226862471,Silver Spring MD 20902,12520 Heurich Rd,-77.0413559290663,28521.945318602,33960632.3480341,39.0612226862471
78,105,1,104,0,28428112.5018,33748.5934386,168,8,19,4,4,13,13-20,13020,13,20,33748.5916315,123,MIDDLE SCHOOLS,13-20 Col E Brooke Lee MS,134,1303614.62493926,503650.906181008,13-20,Col E Brooke Lee MS, 11800 Monticello Ave Silver Spring MD 20902,-77.0307001852,39.0496028325002,Silver Spring MD 20902,11800 Monticello Ave,-77.0307001852,33748.5916314899,28428112.6500446,39.0496028325002
79,106,1,105,0,13119206.5246,17743.1224292,167,8,18,4,4,13,13-28,13028,13,28,17743.122984,143,HIGH SCHOOLS,13-28 Wheaton HS,228,1293472.19453721,508156.069440797,13-28,Wheaton HS, 12401 Dalewood Dr Silver Spring MD 20906,-77.0664250926733,39.0619576921516,SILVER SPRING MD 20906,12401 DALEWOOD DR,-77.0664250926733,17743.1229840041,13119206.5367081,39.0619576921516
80,97,1,96,0,60498540.3758,38711.2881562,176,3,20,5,5, 5,05-13,05013,05,13,38711.2886641,172,PRIVATE,05-13 White Oak Comm Rec Ctr,193,1319398.8966389,502313.382272422,05-13,White Oak Community Rec Center, 1700 April Ln Silver Spring MD 20904,-76.9751221276388,39.0459318133132,SILVER SPRING MD 20904,1700 APRIL LN,-76.9751221276388,38711.2886641679,60498540.0850352,39.0459318133132
81,79,1,78,0,25205813.3553,25695.3083941,194,6,15,1,3,10,10-13,10013,10,13,25695.3078812,197,PRIVATE,10-13 Potomac Comm Ctr,117,1258036.99969025,500588.000716463,10-13,Potomac Community Center, 11315 Falls Rd Potomac MD 20854,-77.1911645785502,39.0410410293686,Potomac MD 20854,11315 Falls Rd,-77.1911645785502,25695.3078811132,25205813.4133527,39.0410410293686
82,80,1,79,0,24837149.9087,22354.2388866,193,6,15,1,3,10,10-05,10005,10,05,22354.2393229,52,MIDDLE SCHOOLS,10-05 Herbert Hoover MS,115,1261597.74990714,501971.250000387,10-05,Herbert Hoover MS, 8810 Postoak Rd Potomac MD 20854,-77.1786375803999,39.0448587758002,Potomac MD 20854,8810 Post Oak Rd,-77.1786375803999,22354.2393229453,24837150.0049883,39.0448587758002
83,82,1,81,0,16401569.3908,19776.3703864,196,8,18,4,4,13,13-27,13027,13,27,25483.61378,112,HIGH SCHOOLS,13-27 Albert Einstein HS,137,1293292.74992225,500019.093824521,13-27,Albert Einstein HS, 11135 Newport Mill Rd Kensington MD 20895,-77.0670360162999,39.0396158925,Kensington MD 20895,11135 Newport Mill Rd,-77.0670360162999,25483.6137800337,19217457.9015892,39.0396158925
84,83,1,82,0,9621731.27198,14043.782654,190,8,16,1,3, 4,04-17,04017,04,17,14043.7826099,226,PRIVATE,04-17 B'nai Israel Congregation,185,1275755.00034343,505386.999320492,04-17,B'nai Israel Congregation,6301 Montrose Rd Rockville MD 20852,-77.1288076223208,39.0543027399376,Rockville MD 20852,6301 Montrose Rd,-77.1288076223208,14043.7826099375,9621731.33653549,39.0543027399376
85,86,1,85,0,17698128.8977,17343.133794,187,8,18,4,4,13,13-29,13029,13,29,17343.133997,126,ELEMENTARY SCHOOLS,13-29 Highland ES,139,1294183.99989294,504209.343791261,13-29,Highland ES, 3100 Medway St Silver Spring MD 20902,-77.0639085292,39.0511227000001,Silver Spring MD 20902,3100 Medway St,-77.0639085292,17343.1339970501,17698128.8036676,39.0511227000001
86,87,1,86,0,24233798.0327,28672.1971487,186,8,18,4,4,13,13-44,13044,13,44,28672.1973947,125,ELEMENTARY SCHOOLS,13-44 Arcola ES,150,1301193.51035532,502090.460956752,13-44,Arcola ES, 1820 Franwall Ave Silver Spring MD 20902,-77.0392230157998,39.0453158168942,Silver Spring MD 20902,1820 Franwall Ave,-77.0392230157998,28672.197394598,24233798.1266231,39.0453158168942
87,88,1,87,0,21428377.6896,21805.9030142,185,8,16,1,3, 4,04-13,04013,04,13,21805.902253,41,ELEMENTARY SCHOOLS,04-13 Farmland ES,189,1271074.37501566,502804.875069484,04-13,Farmland ES, 7000 Old Gate Rd Rockville MD 20852,-77.1452755670999,39.0471937956,ROCKVILLE MD 20852,7000 OLD GATE RD,-77.1452755670999,21805.9022529338,21428377.6519752,39.0471937956
88,89,1,88,0,12695538.8787,16222.8307971,197,3,20,5,5, 5,05-05,05005,05,05,57559.925166,222,ELEMENTARY SCHOOLS,05-05 Burnt Mills ES,40,1311783.73468867,499921.58120726,05-05,Burnt Mills ES, 11211 Childs St Silver Spring MD 20901,-77.0019349602356,39.0393673335751,Silver Spring MD 20901,11211 Childs St,-77.0019349602356,57559.9251660293,55396438.1746492,39.0393673335751
89,90,1,89,0,21496453.3876,20021.383152,183,6,16,1,3, 4,04-32,04032,04,32,20021.3830693,168,PRIVATE,04-32 Ivymount School,183,1266261.58087672,502494.044366047,04-32,Ivymount School, 11614 Seven Locks Rd Potomac MD 20854,-77.1622197602882,39.0463181021165,POTOMAC MD 20854,11614 SEVEN LOCKS RD,-77.1622197602882,20021.3830693287,21496453.3793104,39.0463181021165
90,91,1,90,0,31750683.0218,24750.2201028,182,6,15,1,3, 4,04-12,04012,04,12,24750.220073,50,HIGH SCHOOLS,04-12 Winston Churchill HS,19,1263162.12487805,501766.468683511,04-12,Winston Churchill HS, 11300 Gainsborough Rd Potomac MD 20854,-77.1731281364,39.0443047898,Potomac MD 20854,11300 Gainsborough Rd,-77.1731281364,24750.2200729679,31750682.6578466,39.0443047898
91,92,1,91,0,5456206.9774,11218.4469787,180,8,16,3,3, 4,04-28,04028,04,28,11218.4469986,167,PRIVATE,04-28 Bender JCC,26,1276861.83984426,505088.786504105,04-28,Bender Jewish Community Center, 6125 Montrose Rd Rockville MD 20852,-77.1249085451733,39.0534881706044,Rockville MD 20852,6125 Montrose Rd,-77.1249085451733,11218.4469985675,5456206.73101614,39.0534881706044
92,140,1,139,0,13226828.3677,18067.6768489,133,8,19,4,4,13,13-55,13055,13,55,18067.6765251,145,ELEMENTARY SCHOOLS,13-55 Strathmore ES,231,1293759.62507695,516936.749876097,13-55,Strathmore ES, 3200 Beaverwood Ln Silver Spring MD 20906,-77.0654349870999,39.0860669739002,SILVER SPRING MD 20906,3200 BEAVERWOOD LN,-77.0654349870999,18067.6765251137,13226828.4268568,39.0860669739002
93,141,1,140,0,21770108.7272,21552.1836982,132,8,15,3,2, 4,04-24,04024,04,24,21552.1834698,46,ELEMENTARY SCHOOLS,04-24 Lakewood ES,186,1257246.0293977,517675.963703871,04-24,Lakewood ES, 2534 Lindley Ter Rockville MD 20850,-77.1940772943,39.0879540935002,ROCKVILLE MD 20850,2534 LINDLEY TER,-77.1940772943,21552.1834697854,21770108.9500445,39.0879540935002
94,142,1,141,0,43191640.7657,32492.661962,131,8,14,5,5, 5,05-08,05008,05,08,32492.6616397,138,ELEMENTARY SCHOOLS,05-08 William T Page ES,42,1316991.87496138,512866.4999571,05-08,William T Page ES, 13400 Tamarack Rd Silver Spring MD 20904,-76.9835905797,39.0749086167,Silver Spring MD 20904,13400 Tamarack Rd,-76.9835905797,32492.6616397389,43191640.7980168,39.0749086167
95,143,1,142,0,54108655.2156,40400.9439201,130,8,19,4,4,13,13-02,13002,13,02,40400.9443521,124,HIGH SCHOOLS,13-02 John F Kennedy HS,125,1301252.12507364,509532.875044495,13-02,John F Kennedy HS, 1901 Randolph Rd Silver Spring MD 20902,-77.039027838,39.0657502712001,Silver Spring MD 20902,1901 Randolph Rd,-77.039027838,40400.9443521254,54108655.3706984,39.0657502712001
96,145,1,144,0,58808681.8054,41121.6398118,128,8,14,4,5, 5,05-09,05009,05,09,41121.640457,132,ELEMENTARY SCHOOLS,05-09 Westover ES,192,1307216.87492177,512850.437413469,05-09,Westover ES, 401 Hawkesbury Ln Silver Spring MD 20904,-77.0180223922,39.0748642774001,SILVER SPRING MD 20904,401 HAWKESBURY LN,-77.0180223922,41121.6404570464,58808681.7995222,39.0748642774001
97,144,1,143,0,30834691.6471,31050.6291502,129,8,19,4,4,13,13-56,13056,13,56,31050.6291188,140,MIDDLE SCHOOLS,13-56 Argyle MS,160,1298446.87510203,518191.906419754,13-56,Argyle MS, 2400 Bel Pre Rd Silver Spring MD 20906,-77.0489242259999,39.0895212498,Silver Spring MD 20906,2400 Bel Pre Rd,-77.0489242259999,31050.6291188023,30834691.7168978,39.0895212498
98,146,1,145,0,15205908.4622,16492.8115022,127,3,14,5,5, 5,05-21,05021,05,21,16492.8116676,173,PRIVATE,05-21 East County Comm Rec Ctr,52,1328909.01197869,513785.915539607,05-21,East County Community Rec Ctr, 3310 Gateshead Manor Way Silver Spring MD 20904,-76.9416111489344,39.0774196083029,Silver Spring MD 20904,3310 Gateshead Manor Way,-76.9416111489344,16492.8116675341,15205908.1733747,39.0774196083029
99,109,1,108,0,39985687.2882,27750.8792868,164,8,17,3,2, 4,04-30,04030,04,30,27750.8797245,227, ,04-30 St.Elizabeth School,29,1273711.32351317,505574.321914718,04-30,St. Elizabeth Catholic School,917 Montrose Rd Rockville MD 20852,-77.1360052363246,39.0548089262285,Rockville MD 20852,917 Montrose Rd,-77.1360052363246,27750.8797244846,39985687.1181418,39.0548089262285
100,110,1,109,0,18905993.1038,19287.3078297,163,8,18,4,4,13,13-36,13036,13,36,19287.3072854,142,ELEMENTARY SCHOOLS,13-36 Sargent Shriver ES,268,1289856.31784756,508010.61797379,13-36,Sargent Shriver ES, 12518 Greenly St Silver Spring MD 20906,-77.0791590244999,39.0615504152,SILVER SPRING MD 20906,12518 GREENLY DR,-77.0791590244999,19287.3072853655,18905992.8815924,39.0615504152
101,112,1,111,0,24842406.0044,36234.5030718,161,8,18,4,4,13,13-25,13025,13,25,36234.5032338,144,ELEMENTARY SCHOOLS,13-25 Viers Mill ES,138,1288111.25001977,503260.093749002,13-25,Viers Mill ES, 11711 Joseph Mill Rd Silver Spring MD 20906,-77.0852891290999,39.048502748,Silver Spring MD 20906,11711 Joseph Mill Rd,-77.0852891290999,36234.5032337722,24842405.9876957,39.048502748
102,119,1,118,0,19907179.6145,20259.105157,154,8,20,5,5, 5,05-11,05011,05,11,20259.1055078,135,ELEMENTARY SCHOOLS,05-11 Cannon Road ES,43,1313987.75009982,510629.343814969,05-11,Cannon Road ES, 901 Cannon Rd Silver Spring MD 20904,-76.9941729237999,39.0687671595,Silver Spring MD 20904,901 Cannon Rd,-76.9941729237999,20259.1055077603,19907179.7585862,39.0687671595
103,120,1,119,0,31328840.0779,29239.0016423,153,8,20,4,5, 5,05-22,05022,05,22,29239.0009973,137,HIGH SCHOOLS,05-22 Springbrook HS,243,1310719.9998987,506635.687499389,05-22,Springbrook HS, 201 Valley Brook Dr Silver Spring MD 20901,-77.0056814998,39.0578019375001,SILVER SPRING MD 20904,201 VALLEY BROOK DR,-77.0056814998,29239.0009971989,31328839.8966922,39.0578019375001
104,124,1,123,0,13178157.2014,15601.5575256,149,6,19,4,4,13,13-37,13037,13,37,15601.5566624,202,PRIVATE,13-37 St.John's Evangelical Lutheran Ch,144,1285647.12007129,513206.0679553,13-37,St. John's Evangelical Lutheran Church, 4629 Aspen Hill Rd Rockville MD 20853,-77.0940017096046,39.0758043781241,Rockville MD 20853,4629 Aspen Hill Rd,-77.0940017096046,15601.5566623445,13178157.2788579,39.0758043781241
105,125,1,124,0,19573170.0348,19110.0033584,148,8,19,4,4,13,13-35,13035,13,35,19110.003407,141,ELEMENTARY SCHOOLS,13-35 Weller Road ES,146,1293291.99989676,509423.343646899,13-35,Weller Road ES, 3301 Weller Rd Silver Spring MD 20906,-77.0670629799999,39.0654368354001,Silver Spring MD 20906,3301 Weller Rd,-77.0670629799999,19110.0034070451,19573170.1811537,39.0654368354001
106,128,1,127,0,29077506.113,23349.755456,145,8,19,4,4,13,13-01,13001,13,01,23349.755133,146,ELEMENTARY SCHOOLS,13-01 Georgian Forest ES,124,1294886.87499318,513139.374903306,13-01,Georgian Forest ES, 3100 Regina Dr Silver Spring MD 20906,-77.0614546922,39.0756428629001,Silver Spring MD 20906,3100 Regina Dr,-77.0614546922,23349.7551329849,29077505.8018648,39.0756428629001
107,129,1,128,0,9718211.64166,16083.8805529,144,8,15,3,3, 4,04-29,04029,04,29,16083.8803304,49,ELEMENTARY SCHOOLS,04-29 Cold Spring ES,27,1258704.09028845,507207.223343939,04-29,Cold Spring ES, 9201 Falls Chapel Way Potomac MD 20854,-77.1888641310999,39.0592190026002,Potomac MD 20854,9201 Falls Chapel Way,-77.1888641310999,16083.8803303827,9718211.39005333,39.0592190026002
108,130,1,129,0,43391253.6969,28758.1232757,143,3,14,5,5, 5,05-12,05012,05,12,28758.1229009,136,ELEMENTARY SCHOOLS,05-12 Galway ES,45,1327577.87486574,508881.968651503,05-12,Galway ES, 12612 Galway Dr Silver Spring MD 20904,-76.9463103201,39.0639572983002,Silver Spring MD 20904,12612 Galway Dr,-76.9463103201,28758.1229009362,43391253.5566759,39.0639572983002
109,131,1,130,0,25051643.4528,31326.0918375,142,8,17,3,2, 4,04-05,04005,04,05,31326.092068,40,HIGH SCHOOLS,04-05 Richard Montgomery HS,14,1270676.4167228,514515.451419532,04-05,Richard Montgomery HS, 250 Richard Montgomery Dr Rockville MD 20852,-77.1467430843341,39.0793452873863,Rockville MD 20852,250 Richard Montgomery Dr,-77.1467430843341,31326.0920679476,25051643.3954024,39.0793452873863
110,132,1,131,0,15776495.5583,16401.8629407,141,8,17,3,2, 4,04-06,04006,04,06,16401.863403,155,CENTER,04-06 Lone Oak School Center,15,1274452.01275438,514847.843860611,04-06,Lone Oak School Center, 1010 Grandin Ave Rockville MD 20851,-77.1334446810272,39.0802738286826,Rockville MD 20851,1010 Grandin Ave,-77.1334446810272,16401.8634030319,15776495.5283598,39.0802738286826
111,133,1,132,0,16492868.8848,18893.8517738,140,3,14,5,5, 5,05-02,05002,05,02,18893.8515347,131,ELEMENTARY SCHOOLS,05-02 Greencastle ES,39,1328867.49990845,514878.468623653,05-02,Greencastle ES, 13611 Robey Rd Silver Spring MD 20904,-76.9417549221998,39.0804194508,Silver Spring MD 20904,13611 Robey Rd,-76.9417549221998,18893.851534704,16492868.8799172,39.0804194508
112,134,1,133,0,25762061.5744,24101.2818861,139,8,17,3,2, 4,04-02,04002,04,02,24101.2824112,31,MIDDLE SCHOOLS,04-02 Julius West MS,13,1265814.45546848,513639.007475272,04-02,Julius West MS, 651 Great Falls Rd Rockville MD 20850,-77.163864535826,39.0769161702577,Rockville MD 20850,651 Great Falls Rd,-77.163864535826,24101.2824112081,25762061.6501626,39.0769161702577
113,135,1,134,0,271733372.601,85711.0201381,138,6,15,1,3, 6,06-02,06002,06,02,85711.0198623,175,PRIVATE,06-02 SS.Peter & Paul Orthodox Ch,196,1250043.51814815,494453.123450965,06-02,SS. Peter and Paul Orthodox Church, 10620 River Rd Potomac MD 20854,-77.2192557622978,39.0241473218762,POTOMAC MD 20854,10620 RIVER RD,-77.2192557622978,85711.019862363,271733372.809065,39.0241473218762
114,136,1,135,0,23736535.856,24015.8549745,137,8,17,3,2, 4,04-21,04021,04,21,24015.8558357,34,ELEMENTARY SCHOOLS,04-21 Fallsmead ES,24,1262217.37507968,514026.125056341,04-21,Fallsmead ES, 1800 Greenplace Ter Rockville MD 20850,-77.1765379963999,39.0779606450999,Rockville MD 20850,1800 Greenplace Ter,-77.1765379963999,24015.8558357102,23736536.0074661,39.0779606450999
115,137,1,136,0,48209948.3523,30723.5793993,136,3,14,5,5, 5,05-17,05017,05,17,30723.5804405,157,CENTER,05-17 Fairland School Center,241,1324306.20400083,512832.971905559,05-17,Fairland School Center, 13313 Old Columbia Pike Silver Spring MD 20904,-76.9578263721492,39.0748101164007,SILVER SPRING MD 20904,13313 OLD COLUMBIA PIKE,-76.9578263721492,30723.5804404226,48209948.3171401,39.0748101164007
116,138,1,137,0,16485126.0978,21211.3039957,135,6,19,3,4,13,13-45,13045,13,45,21211.3043193,44,MIDDLE SCHOOLS,13-45 Parkland MS,258,1286312.50012909,516245.624912605,13-45,Parkland MS, 4610 W Frankfort Dr Rockville MD 20853,-77.0916686732,39.0841517945,Rockville MD 20853,4610 W Frankfort Dr,-77.0916686732,21211.3043192699,16485125.9715993,39.0841517945
117,165,1,164,0,58058228.4987,41385.1063704,108,8,17,3,2, 4,04-16,04016,04,16,41385.1071267,32,HIGH SCHOOLS,04-16 Thomas S Wootton HS,20,1260325.87509137,513527.781208888,04-16,Thomas S Wootton HS, 2100 Wootton Pkwy Rockville MD 20850,-77.1831974357999,39.0765821359,Rockville MD 20850,2100 Wootton Pkw,-77.1831974357999,41385.1071267723,58058228.2108577,39.0765821359
118,166,1,165,0,49158885.2441,33346.0677506,107,3,14,5,5, 5,05-23,05023,05,23,33346.0673511,174,PRIVATE,05-23 Praisner Comm Rec Ctr,242,1328844.32450448,522670.690584838,05-23,Marilyn J. Praisner Community Rec Center, 14906 Old Columbia Pike Burtonsville MD 20866,-76.9418190678605,39.1018141533727,BURTONSVILLE MD 20866,14906 OLD COLUMBIA PIKE,-76.9418190678605,33346.0673510565,49158885.2086817,39.1018141533727
119,167,1,166,0,7432147.42075,15162.9072766,106,8,19,3,5,13,13-69,13069,13,69,15162.9069951,209,PRIVATE,13-69 Leisure World Clubhouse II,263,1292843.98356536,525061.416760013,13-69,Leisure World Clubhouse II, 3300 N Leisure World Blvd Silver Spring MD 20906,-77.0686823167768,39.1083725303799,SILVER SPRING MD 20906,3300 N LEISURE WORLD BLVD,-77.0686823167768,15162.9069951329,7432147.54697343,39.1083725303799
120,171,1,170,0,43562883.442,35286.0963679,102,6,19,3,5, 8,08-03,08003,08,03,35286.0963555,47,ELEMENTARY SCHOOLS,08-03 Flower Valley ES,78,1285927.99992992,524119.812455222,08-03,Flower Valley ES, 4615 Sunflower Dr Rockville MD 20853,-77.0930515019,39.1057704102,Rockville MD 20853,4615 Sunflower Dr,-77.0930515019,35286.096355468,43562883.7690501,39.1057704102
121,173,1,172,0,41330392.5141,34581.3440732,100,6,15,2,2, 6,06-05,06005,06,05,34581.3447634,95,HIGH SCHOOLS,06-05 Quince Orchard HS,198,1240197.99995078,527908.062512815,06-05,Quince Orchard HS, 15800 Quince Orchard Rd Gaithersburg MD 20878,-77.254239085,39.1159327009001,GAITHERSBURG MD 20878,15800 QUINCE ORCHARD RD,-77.254239085,34581.3447633745,41330392.4498435,39.1159327009001
122,17,1,16,0,7270510.9415,12895.7587409,256,8,18,1,3, 7,07-01,07001,07,01,12895.7590011,,HIGH SCHOOLS,07-01 Bethesda-Chevy Chase HS,,1287043.99988,480798.156262,,Bethesda-Chevy Chase HS,"4301 East West Hwy, Bethesda, MD 20814",-77.08897,38.986826,"Bethesda, MD 20814",4301 East West Hwy,-77.08897,12895.7590011506,7270510.8844461,38.986826
123,26,1,25,0,3558280.0969,10699.2980083,247,8,20,5,4,13,13-10,13010,13,10,10699.2979839,,PRIVATE,13-10 Silver Spring Civic Building,,1305355.705669,484672.340923,,Silver Spring Civic Building,"1 Veterans Pl, Silver Spring, MD 20910",-77.024552,38.997495,"Silver Spring, MD 20910",1 Veterans Pl,-77.024552,10699.2979838572,3558280.03938823,38.997495
124,32,1,31,0,21094271.8262,21041.8285053,241,8,16,1,3, 7,07-08,07008,07,08,21041.82845,,HIGH SCHOOLS,07-08 Bethesda-Chevy Chase HS,,1287043.99988,480798.156262,,Bethesda-Chevy Chase HS,"4301 East West Hwy, Bethesda, MD 20814",-77.08897,38.986826,"Bethesda, MD 20814",4301 East West Hwy,-77.08897,21041.8284500803,21094271.6763519,38.986826
125,33,1,32,0,10569454.5185,16220.3105712,240,8,20,5,4,13,13-05,13005,13,05,16220.3106545,,PRIVATE,13-05 Silver Spring Civic Building,,1305355.705669,484672.340923,,Silver Spring Civic Building,"1 Veterans Pl, Silver Spring, MD 20910",-77.024552,38.997495,"Silver Spring, MD 20910",1 Veterans Pl,-77.024552,16220.3106544498,10569454.6160061,38.997495
126,34,1,33,0,12614309.4223,18533.0165812,239,8,20,5,4,13,13-50,13050,13,50,18533.0163004,,PRIVATE,13-50 Silver Spring Civic Building,,1305355.705669,484672.340923,,Silver Spring Civic Building,"1 Veterans Pl, Silver Spring, MD 20910",-77.024552,38.997495,"Silver Spring, MD 20910",1 Veterans Pl,-77.024552,18533.016300431,12614309.4701766,38.997495
127,72,1,71,0,15552047.931,15867.6738192,201,8,16,1,3, 4,04-10,04010,04,10,15867.6740976,,MIDDLE SCHOOLS,04-10 Tilden MS,,1277704.75,499540.812641,,Tilden MS,"11211 Old Georgetown Rd, Rockville, MD 20852",-77.121914,39.038258,"Rockville, MD 20852",11211 Old Georgetown Rd,-77.121914,15867.674097577,15552047.9619475,39.038258
128,93,1,92,0,31861158.6961,32930.1517185,181,8,18,1,3, 4,04-08,04008,04,08,32930.1513075,,ELEMENTARY SCHOOLS,04-08 Garrett Park ES,,1284875.680493,497517.305392,,Garrett Park ES,"4810 Oxford St, Garrett Park, MD 20896",-77.096661,39.032726,"Garrett Park, MD 20896",4810 Oxford St,-77.096661,32930.1513074793,31861159.0086467,39.032726
129,96,1,95,0,3580033.38916,8507.82670118,177,8,16,3,2, 4,04-11,04011,04,11,8507.82674735,,ELEMENTARY SCHOOLS,04-11 Ritchie Park ES,,1262803.625076,508625.437441,,Ritchie Park ES,"1514 Dunster Rd, Rockville, MD 20854",-77.174437,39.063135,"Rockville, MD 20854",1514 Dunster Rd,-77.174437,8507.82674737027,3580033.41110466,39.063135
130,102,1,101,0,431960.453485,4129.00127559,171,8,17,3,3, 4,04-37,04037,04,37,4129.00097092,,ELEMENTARY SCHOOLS,04-37 Twinbrook ES,,1278235.999854,510637.468772,,Twinbrook ES,"5911 Ridgway Ave, Rockville, MD 20851",-77.120095,39.068728,"Rockville, MD 20851",5911 Ridgway Ave,-77.120095,4129.00097098461,431960.491238645,39.068728
131,107,1,106,0,85125114.9788,49166.4196086,166,6,15,1,3,10,10-01,10001,10,01,49166.4193618,,PRIVATE,10-01 Potomac Methodist Parish Center,,1253830.950725,495498.150159,,Potomac Methodist Parish Center,"9908 S Glen Rd, Potomac, MD 20854",-77.205933,39.027041,"Potomac, MD 20854",9908 S Glen Rd,-77.205933,49166.4193617402,85125114.98743,39.027041
132,108,1,107,0,237136.565689,2180.01329615,165,8,18,3,2, 4,04-38,04038,04,38,2180.01326302,,ELEMENTARY SCHOOLS,04-38 Twinbrook ES,,1278235.999854,510637.468772,,Twinbrook ES,"5911 Ridgway Ave, Rockville, MD 20851",-77.120095,39.068728,"Rockville, MD 20851",5911 Ridgway Ave,-77.120095,2180.01326302055,237136.689109922,39.068728
133,98,1,97,0,2149654.63696,6723.80587859,174,8,17,1,3, 4,04-33,04033,04,33,6723.80544084,,ELEMENTARY SCHOOLS,04-33 Garrett Park ES,,1284875.680493,497517.305392,,Garrett Park ES,"4810 Oxford St, Garrett Park, MD 20896",-77.096661,39.032726,"Garrett Park, MD 20896",4810 Oxford St,-77.096661,6723.80544086452,2149654.63626051,39.032726
134,99,1,98,0,459005.030935,3678.77417476,175,8,17,4,3, 4,04-40,04040,04,40,3678.77379652,,CENTER,04-40 Rocking Horse Road Center,,1284636.5,504437.65625,,Rocking Horse Road Center,"4910 Macon Rd, Rockville, MD 20852",-77.097529,39.051726,"Rockville, MD 20852",4910 Macon Rd,-77.097529,3678.77379655986,459004.968847125,39.051726
135,100,1,99,0,13846714.0483,23281.332679,173,8,18,4,3, 4,04-15,04015,04,15,23281.3327463,,CENTER,04-15 Rocking Horse Road Center,,1284636.5,504437.65625,,Rocking Horse Road Center,"4910 Macon Rd, Rockville, MD 20852",-77.097529,39.051726,"Rockville, MD 20852",4910 Macon Rd,-77.097529,23281.3327462597,13846714.0001925,39.051726
136,81,1,80,0,33557.7708667,864.32021802,192,0,0,0,0,0,OOC,OOC, , ,864.32023513,,,,,,,,,,,,,,,864.320235096151,33557.7796005688,
137,84,1,83,0,54903584.1659,36006.4353456,189,8,16,1,3, 4,04-18,04018,04,18,36006.4343699,,MIDDLE SCHOOLS,04-18 Tilden MS,,1277704.75,499540.812641,,Tilden MS,"11211 Old Georgetown Rd, Rockville, MD 20852",-77.121914,39.038258,"Rockville, MD 20852",11211 Old Georgetown Rd,-77.121914,36006.4343697687,54903583.7109498,39.038258
138,85,1,84,0,20650609.4288,24347.6439914,188,8,18,4,4, 4,04-26,04026,04,26,24347.6440402,,CENTER,04-26 Rocking Horse Road Center,,1284636.5,504437.65625,,Rocking Horse Road Center,"4910 Macon Rd, Rockville, MD 20852",-77.097529,39.051726,"Rockville, MD 20852",4910 Macon Rd,-77.097529,24347.6440401964,20650609.2234912,39.051726
139,139,1,138,0,16363225.8956,20096.3672026,134,8,17,3,5, 4,04-09,04009,04,09,20096.3661885,,ELEMENTARY SCHOOLS,04-09 Meadow Hall ES,,1279290.750081,516326.593846,,Meadow Hall ES,"951 Twinbrook Pkwy, Rockville, MD 20851",-77.116406,39.084352,"Rockville, MD 20851",951 Twinbrook Pkwy,-77.116406,20096.3661885183,16363225.8365123,39.084352
140,111,1,110,0,45108.8175346,1206.81180644,162,8,17,3,3, 4,04-43,04043,04,43,1206.81182609,,ELEMENTARY SCHOOLS,04-43 Meadow Hall ES,,1279290.750081,516326.593846,,Meadow Hall ES,"951 Twinbrook Pkwy, Rockville, MD 20851",-77.116406,39.084352,"Rockville, MD 20851",951 Twinbrook Pkwy,-77.116406,1206.81182608822,45108.7778785866,39.084352
141,113,1,112,0,11743978.8097,15664.4770045,160,6,15,3,3, 4,04-23,04023,04,23,15664.4767875,,PRIVATE,04-23 Potomac Methodist Parish Center,,1253830.950725,495498.150159,,Potomac Methodist Parish Center,"9908 S Glen Rd, Potomac, MD 20854",-77.205933,39.027041,"Potomac, MD 20854",9908 S Glen Rd,-77.205933,15664.4767874576,11743978.702247,39.027041
142,114,1,113,0,15548100.2057,25400.2787772,159,8,18,3,3, 4,04-27,04027,04,27,25400.2794613,,ELEMENTARY SCHOOLS,04-27 Twinbrook ES,,1278235.999854,510637.468772,,Twinbrook ES,"5911 Ridgway Ave, Rockville, MD 20851",-77.120095,39.068728,"Rockville, MD 20851",5911 Ridgway Ave,-77.120095,25400.279461312,15548100.324078,39.068728
143,115,1,114,0,20424602.0683,19199.8229271,158,8,17,3,2, 4,04-25,04025,04,25,19199.8236157,,ELEMENTARY SCHOOLS,04-25 Ritchie Park ES,,1262803.625076,508625.437441,,Ritchie Park ES,"1514 Dunster Rd, Rockville, MD 20854",-77.174437,39.063135,"Rockville, MD 20854",1514 Dunster Rd,-77.174437,19199.8236158115,20424602.2247526,39.063135
144,116,1,115,0,264481.215892,2366.02416246,157,8,18,3,2, 4,04-38,04038,04,38,2366.02401972,,ELEMENTARY SCHOOLS,04-38 Twinbrook ES,,1278235.999854,510637.468772,,Twinbrook ES,"5911 Ridgway Ave, Rockville, MD 20851",-77.120095,39.068728,"Rockville, MD 20851",5911 Ridgway Ave,-77.120095,2366.02401973207,264481.256292833,39.068728
145,117,1,116,0,14799059.8008,17426.0749707,156,8,19,4,4,13,13-43,13043,13,43,17426.0750356,,ELEMENTARY SCHOOLS,13-43 Wheaton Woods ES,,1286853.55459,510540.221298,,Wheaton Woods ES,"4510 Faroe Pl, Rockville, MD 20853",-77.089743,39.068488,"Rockville, MD 20853",4510 Faroe Pl,-77.089743,17426.0750355951,14799059.7590145,39.068488
146,118,1,117,0,1348666.6591,4878.64524863,155,8,19,3,4,13,13-70,13070,13,70,4878.64529417,,ELEMENTARY SCHOOLS,13-70 Wheaton Woods ES,,1286853.55459,510540.221298,,Wheaton Woods ES,"4510 Faroe Pl, Rockville, MD 20853",-77.089743,39.068488,"Rockville, MD 20853",4510 Faroe Pl,-77.089743,4878.645294172,1348666.64188562,39.068488
147,121,1,120,0,18704103.9061,18564.2903273,152,8,17,3,2, 4,04-07,04007,04,07,18564.2906257,,ELEMENTARY SCHOOLS,04-07 Twinbrook ES,,1278235.999854,510637.468772,,Twinbrook ES,"5911 Ridgway Ave, Rockville, MD 20851",-77.120095,39.068728,"Rockville, MD 20851",5911 Ridgway Ave,-77.120095,18564.2906257364,18704103.8440231,39.068728
148,122,1,121,0,59955.587135,1032.2495998,151,6,17,3,2, 4,04-42,04042,04,42,1032.24970263,,MIDDLE SCHOOLS,04-42 Robert Frost MS,,1259068.874836,513300.437554,,Robert Frost MS,"9201 Scott Dr, Rockville, MD 20850",-77.187624,39.075951,"Rockville, MD 20850",9201 Scott Dr,-77.187624,1032.24970261814,59955.5771131359,39.075951
149,123,1,122,0,104578.435141,1325.83207867,150,6,17,3,2, 4,04-42,04042,04,42,1325.83192521,,MIDDLE SCHOOLS,04-42 Robert Frost MS,,1259068.874836,513300.437554,,Robert Frost MS,"9201 Scott Dr, Rockville, MD 20850",-77.187624,39.075951,"Rockville, MD 20850",9201 Scott Dr,-77.187624,1325.83192519793,104578.439901749,39.075951
150,126,1,125,0,59620.2597397,981.19077711,147,6,17,3,2, 4,04-42,04042,04,42,981.19063786,,MIDDLE SCHOOLS,04-42 Robert Frost MS,,1259068.874836,513300.437554,,Robert Frost MS,"9201 Scott Dr, Rockville, MD 20850",-77.187624,39.075951,"Rockville, MD 20850",9201 Scott Dr,-77.187624,981.190637865861,59620.248246733,39.075951
151,127,1,126,0,64874255.5087,47245.9536245,146,6,15,3,2, 4,04-20,04020,04,20,47245.9540454,,MIDDLE SCHOOLS,04-20 Robert Frost MS,,1259068.874836,513300.437554,,Robert Frost MS,"9201 Scott Dr, Rockville, MD 20850",-77.187624,39.075951,"Rockville, MD 20850",9201 Scott Dr,-77.187624,47245.9540454243,64874255.7340166,39.075951
152,174,1,173,0,15273198.4553,16471.8300351,99,8,17,3,2, 9,09-31,09031,09,31,16471.8301853,87,ELEMENTARY SCHOOLS,09-31 Rosemont ES,105,1259778.62492235,531205.375037327,09-31,Rosemont ES, 16400 Alden Ave Gaithersburg MD 20877,-77.1852514951,39.1251152677,Gaithersburg MD 20877,16400 Alden Ave,-77.1852514951,16471.8301853427,15273198.6200541,39.1251152677
153,175,1,174,0,48170627.1334,43571.3995413,98,8,19,4,5,13,13-61,13061,13,61,43571.399056,139,HIGH SCHOOLS,13-61 James Hubert Blake HS,157,1307366.12497279,526860.312433153,13-61,James Hubert Blake HS, 300 Norwood Rd Silver Spring MD 20905,-77.0175061321,39.1133304559,Silver Spring MD 20905,300 Norwood Rd,-77.0175061321,43571.3990559551,48170627.0142109,39.1133304559
154,177,1,176,0,16845784.4559,19657.4754133,96,6,17,3,2, 9,09-40,09040,09,40,19657.4760154,213,PRIVATE,09-40 Izaak Walton League,216,1250304.37506366,529607.000421077,09-40,Izaak Walton League, 707 Conservation Ln Gaithersburg MD 20878,-77.2186339198229,39.1206692010275,GAITHERSBURG MD 20878,707 CONSERVATION LN,-77.2186339198229,19657.4760154292,16845784.4263386,39.1206692010275
155,179,1,178,0,28279743.829,23152.3037758,94,6,17,3,2, 9,09-35,09035,09,35,23152.3035947,101,MIDDLE SCHOOLS,09-35 Lakelands Park MS,109,1246332.58260442,527692.068546519,09-35,Lakelands Park MS, 1200 Main St Gaithersburg MD 20878,-77.2326160679405,39.115384577809,Gaithersburg MD 20878,1200 Main St,-77.2326160679405,23152.3035946943,28279743.5490453,39.115384577809
156,168,1,167,0,34668877.0932,29624.780132,105,6,15,3,2, 9,09-33,09033,09,33,29624.7804426,88,ELEMENTARY SCHOOLS,09-33 Summit Hall ES,251,1256885.0000982,532000.749888957,09-33,Summit Hall ES, 101 W Deer Park Rd Gaithersburg MD 20877,-77.1954572829999,39.1272824940002,GAITHERSBURG MD 20877,101 W DEER PARK RD,-77.1954572829999,29624.7804426277,34668877.2665329,39.1272824940002
157,169,1,168,0,30799928.8145,35452.1182908,104,8,17,3,2, 4,04-14,04014,04,14,35452.1192958,35,ELEMENTARY SCHOOLS,04-14 College Gardens ES,21,1266138.12500869,523097.499953434,04-14,College Gardens ES, 1700 Yale Pl Rockville MD 20850,-77.1627838115999,39.1028873778001,Rockville MD 20850,1700 Yale Pl,-77.1627838115999,35452.1192957414,30799928.8433341,39.1028873778001
158,170,1,169,0,70825399.7973,39605.6987632,103,3,14,5,5, 5,05-19,05019,05,19,39605.6987384,60,MIDDLE SCHOOLS,05-19 Benjamin Banneker MS,48,1326976.99983223,520583.312472954,05-19,Benjamin Banneker MS, 14800 Perrywood Dr Burtonsville MD 20866,-76.9484032459999,39.0960860509001,Burtonsville MD 20866,14800 Perrywood Dr,-76.9484032459999,39605.6987383725,70825400.2934644,39.0960860509001
159,172,1,171,0,19627677.2837,26883.2705612,101,6,15,2,2, 6,06-13,06013,06,13,26883.2709967,176,PRIVATE,06-13 Quince Orchard Library,199,1240767.78617556,527931.977412909,06-13,Quince Orchard Library, 15831 Quince Orchard Rd Gaithersburg MD 20878,-77.2522311315867,39.1160027017639,GAITHERSBURG MD 20878,15831 QUINCE ORCHARD RD,-77.2522311315867,26883.270996763,19627677.3766472,39.1160027017639
160,182,1,181,0,83578083.5975,42271.1996275,91,8,14,4,5, 5,05-16,05016,05,16,42271.1982892,133,ELEMENTARY SCHOOLS,05-16 Stonegate ES,197,1307864.25003934,521840.000132516,05-16,Stonegate ES, 14811 Notley Rd Silver Spring MD 20905,-77.0157475177999,39.0995467662001,SILVER SPRING MD 20905,14811 NOTLEY RD,-77.0157475177999,42271.1982891499,83578083.9068393,39.0995467662001
161,183,1,182,0,381680728.393,117447.265929,90,6,15,1,2, 6,06-09,06009,06,09,117447.264779,94,ELEMENTARY SCHOOLS,06-09 Darnestown ES,53,1231526.49993587,523055.406192154,06-09,Darnestown ES, 15030 Turkey Foot Rd Gaithersburg MD 20878,-77.2847480231999,39.1025388648002,Gaithersburg MD 20878,15030 Turkey Foot Rd,-77.2847480231999,117447.264779097,381680728.689954,39.1025388648002
162,147,1,146,0,29008552.8078,31089.5604609,126,6,19,3,5,13,13-51,13051,13,51,31089.5595283,43,ELEMENTARY SCHOOLS,13-51 Rock Creek Valley ES,152,1283206.75005002,515906.437430665,13-51,Rock Creek Valley ES, 5121 Russett Rd Rockville MD 20853,-77.1026085539999,39.0832114316,Rockville MD 20853,5121 Russett Rd,-77.1026085539999,31089.5595282703,29008552.7621421,39.0832114316
163,148,1,147,0,40723083.9115,35536.0153727,125,6,15,2,2, 6,06-06,06006,06,06,35536.0160154,223,ELEMENTARY SCHOOLS,06-06 Travilah ES,54,1241734.2175124,515754.04232417,06-06,Travilah ES, 13801 Dufief Mill Rd North Potomac MD 20878,-77.2487080493948,39.0825739008171,North Potomac MD 20878,13801 DuFief Mill Rd,-77.2487080493948,35536.0160153277,40723083.9386285,39.0825739008171
164,149,1,148,0,9943645.44759,14799.0148352,124,8,19,4,5,13,13-64,13064,13,64,14799.0144014,207,PRIVATE,13-64 St.Matthew Presbyterian Ch,235,1290045.77791069,519936.732130721,13-64,St. Matthew Presbyterian Church, 4001 Bel Pre Rd Silver Spring MD 20906,-77.0785279188934,39.0942958157627,SILVER SPRING MD 20906,4001 BEL PRE RD,-77.0785279188934,14799.0144014091,9943645.64621669,39.0942958157627
165,150,1,149,0,9639527.83224,15032.1394983,123,6,15,3,2, 4,04-35,04035,04,35,15032.1392318,170,PRIVATE,04-35 Shady Grove Conf Ctr,188,1255284.79016979,520078.182880566,04-35,Shady Grove Conference Center, 9630 Gudelsky Dr Rockville MD 20850,-77.2010055211856,39.0945380637866,ROCKVILLE MD 20850,9630 GUDELSKY DR,-77.2010055211856,15032.1392317333,9639527.98859934,39.0945380637866
166,152,1,151,0,17609063.1008,18877.6309732,121,8,19,4,4,13,13-49,13049,13,49,18877.6308885,205,PRIVATE,13-Mid-County Comm Rec Ctr,234,1300109.30058639,517240.303643435,13-49,Mid-County Community Rec Center, 2004 Queensguard Rd Silver Spring MD 20906,-77.0430656529203,39.0869107857538,SILVER SPRING MD 20906,2004 QUEENSGUARD RD,-77.0430656529203,18877.6308884927,17609062.8070186,39.0869107857538
167,153,1,152,0,9817427.06491,15988.8617367,120,8,15,3,2, 6,06-14,06014,06,14,15988.8617847,230,ELEMENTARY SCHOOLS,06-14 Stone Mill ES,57,1251463.37496571,519030.531181008,06-14,Stone Mill Elementary School,14323 Stonebridge View Dr North Potomac MD 20878,-77.2144612215,39.0916377183002,North Potomac MD 20878,14323 Stonebridge View Dr,-77.2144612215,15988.8617847345,9817426.96440507,39.0916377183002
168,154,1,153,0,15111015.4926,20540.8355934,119,6,15,3,2, 6,06-08,06008,06,08,20540.8356779,98,ELEMENTARY SCHOOLS,06-08 Nancy H Dacek N Potomac Ctr,200,1246326.09397823,515946.320065305,06-08,Nancy H.Dacek N. Potomac Community Rec Center, 13850 Travilah Rd Rockville MD 20850,-77.2325334882466,39.0831350578572,ROCKVILLE MD 20850,13850 TRAVILAH RD,-77.2325334882466,20540.8356779112,15111015.6134472,39.0831350578572
169,155,1,154,0,19691296.7591,20489.7268339,118,6,19,3,5,13,13-52,13052,13,52,20489.7271816,42,MIDDLE SCHOOLS,13-52 Earle B. Wood MS,229,1281814.24987702,519580.593722418,13-52,Earle B. Wood MS, 14615 Bauer Dr Rockville MD 20853,-77.1075293635999,39.093294956,ROCKVILLE MD 20853,14615 BAUER DR,-77.1075293635999,20489.7271816064,19691296.6724508,39.093294956
170,156,1,155,0,35209100.1718,33868.676931,117,8,17,3,2, 4,04-03,04003,04,03,33868.677223,154,CENTER,04-03 Carver Educational Services Center,170,1267477.73041157,520276.303048968,04-03,Carver Educational Services Center, 850 Hungerford Dr Rockville MD 20850,-77.1580460753505,39.0951478655948,ROCKVILLE MD 20850,850 HUNGERFORD DR,-77.1580460753505,33868.6772229486,35209100.0789506,39.0951478655948
171,159,1,158,0,11444403.7789,19273.9885849,111,8,19,3,5,13,13-71,13071,13,71,24568.6331217,210,PRIVATE,13-71 Inter-Faith Chapel,264,1291435.69356291,521130.892941445,13-71,Inter-Faith Chapel, 3680 S Leisure World Blvd Silver Spring MD 20906,-77.073634089447,39.0975777316491,SILVER SPRING MD 20906,3680 N LEISURE WORLD BLVD,-77.073634089447,24568.6331216299,7772219.87136207,39.0975777316491
172,160,1,159,0,66679066.8401,42792.9350712,113,8,17,3,5, 4,04-01,04001,04,01,42792.9351274,33,HIGH SCHOOLS,04-01 Rockville HS,12,1278660.14992799,517224.280056432,04-01,Rockville HS,2100 Baltimore Rd Rockville MD 20851,-77.1186315558683,39.0868146338315,Rockville MD 20851,2100 Baltimore Rd,-77.1186315558683,42792.9351273048,66679066.5782058,39.0868146338315
173,161,1,160,0,26790005.4268,26561.9340419,112,6,15,2,2, 6,06-04,06004,06,04,26561.934571,99,ELEMENTARY SCHOOLS,06-04 Dufief ES,50,1244924.74988662,522760.249821052,06-04,Dufief ES, 15001 Dufief Dr Gaithersburg MD 20878,-77.2375326481999,39.1018337081,Gaithersburg MD 20878,15001 Dufief Dr,-77.2375326481999,26561.9345709879,26790005.2955148,39.1018337081
174,162,1,161,0,11444403.7789,19273.9885849,111,8,19,3,5,13,13-54,13054,13,54,19273.9886014,206,PRIVATE,13-54 Leisure World Clubhouse I,260,1291495.83515625,522475.948794916,13-54,Leisure World Clubhouse I, 3700 Rossmoor Blvd Silver Spring MD 20906,-77.0734259890446,39.1012709004924,SILVER SPRING MD 20906,3700 ROSSMOOR BLVD,-77.0734259890446,19273.9886013658,11444403.7519586,39.1012709004924
175,163,1,162,0,57201903.0989,35225.5316734,110,8,14,5,5, 5,05-01,05001,05,01,35225.5330032,216,Elementary School,05-01 Dr.Charles Drew ES,38,1315891.00099829,518781.000913888,05-01,Dr. Charles Drew ES, 1200 Swingingdale Dr Silver Spring MD 20905,-76.9874654784641,39.0911482399468,Silver Spring MD 20905,1200 Swingingdale Dr,-76.9874654784641,35225.5330031625,57201903.1341726,39.0911482399468
176,164,1,163,0,24194835.8319,24397.6737916,109,6,19,3,5,13,13-46,13046,13,46,24397.6744681,3,ELEMENTARY SCHOOLS,13-46 English Manor School,149,1286506.99885251,519046.999887601,13-46,English Manor School,4511 Bestor Dr Rockville MD 20853,-77.090993312036,39.0918439086335,Rockville MD 20853,4511 Bestor Dr,-77.090993312036,24397.6744680794,24194835.8244086,39.0918439086335
177,209,1,208,0,16632901.7633,25850.4849294,64,6,17,3,1, 9,09-20,09020,09,20,25850.4857404,85,MIDDLE SCHOOLS,09-20 Gaithersburg MS,96,1259134.12497638,537999.187600434,09-20,Gaithersburg MS, 2 Teachers Way Gaithersburg MD 20877,-77.1875725096,39.1437648079002,Gaithersburg MD 20877,2 Teachers Way,-77.1875725096,25850.4857402732,16632901.747829,39.1437648079002
178,211,1,210,0,17697526.7379,30077.714565,62,6,17,3,1, 9,09-01,09001,09,01,30077.7155977,89,ELEMENTARY SCHOOLS,09-01 Gaithersburg ES,246,1257863.75003783,537931.437381193,09-01,Gaithersburg ES, 35 N Summit Ave Gaithersburg MD 20877,-77.1920511473998,39.1435715404,GAITHERSBURG MD 20877,35 S SUMMIT AVE,-77.1920511473998,30077.715597614,17697526.9153827,39.1435715404
179,212,1,211,0,32212229.6854,26397.9995521,61,3,14,4,5, 8,08-01,08001,08,01,26397.9992595,231,ELEMENTARY SCHOOLS,08-01 Olney ES,210,1292948.25565504,539888.952626184,08-01,Olney Elementary School,3401 Queen Mary Dr Olney MD 20832,-77.06835397807,39.1490834935606,Olney MD 20832,3401 Queen Mary Dr,-77.06835397807,26397.9992595924,32212229.0231875,39.1490834935606
180,213,1,212,0,35261458.5824,26746.620867,60,6,17,3,2, 9,09-24,09024,09,24,26746.6209461,191,PRIVATE,09-24 St.Rose of Lima,215,1243756.67824291,540250.069076732,09-24,St. Rose of Lima Parish, 11701 Clopper Rd Gaithersburg MD 20878,-77.2418119005163,39.1498455315274,GAITHERSBURG MD 20878,11701 CLOPPER RD,-77.2418119005163,26746.6209460116,35261458.7696239,39.1498455315274
181,214,1,213,0,67747891.3811,44281.5744819,59,6,39,2,2, 6,06-07,06007,06,07,44281.575287,74,ELEMENTARY SCHOOLS,06-07 Spark M Matsunaga ES,51,1229317.50002027,540606.124920115,06-07,Spark M Matsunaga ES, 13902 Bromfield Rd Germantown MD 20874,-77.2927303852,39.1507070468002,Germantown MD 20874,13902 Bromfield Road,-77.2927303852,44281.575287035,67747890.9181082,39.1507070468002
182,215,1,214,0,15798209.2212,18383.0601037,58,3,14,4,5, 8,08-11,08011,08,11,18383.0599233,26,ELEMENTARY SCHOOLS,08-11 Brooke Grove ES,82,1297992.74993907,542712.125048026,08-11,Brooke Grove ES, 2700 Spartan Rd Olney MD 20832,-77.0505720392999,39.1568438213001,Olney MD 20832,2700 Spartan Rd,-77.0505720392999,18383.0599233324,15798209.2943548,39.1568438213001
183,216,1,215,0,1293324677.49,169268.806006,57,6,15,1,1, 3,03-02,03002,03,02,169268.803779,29,MIDDLE SCHOOLS,03-02 John Poole Middle School,11,1195781.12494749,531756.125006542,03-02,John Poole Middle School, 17014 Tom Fox Ave Poolesville MD 20837,-77.410844519,39.1260537267001,Poolesville MD 20837,17014 Tom Fox Ave,-77.410844519,169268.803779138,1293324677.47902,39.1260537267001
184,218,1,217,0,13875927.0807,21891.824014,55,6,39,2,1, 9,09-07,09007,09,07,21891.8251422,90,ELEMENTARY SCHOOLS,09-07 South Lake ES,91,1256474.49991435,542394.187580422,09-07,South Lake ES, 18201 Contour Rd Gaithersburg MD 20877,-77.1969833618999,39.1558163309,Gaithersburg MD 20877,18201 Contour Rd,-77.1969833618999,21891.8251422425,13875927.0670597,39.1558163309
185,180,1,179,0,20954971.9529,26392.4097952,93,6,17,3,2, 9,09-06,09006,09,06,26392.4093367,92,ELEMENTARY SCHOOLS,09-06 Fields Road ES,247,1251265.62496565,528922.187579229,09-06,Fields Road ES, One School Dr Gaithersburg MD 20878,-77.2152401168,39.118795239,GAITHERSBURG MD 20878,1 SCHOOL DR,-77.2152401168,26392.409336727,20954972.1332175,39.118795239
186,181,1,180,0,27123361.087,29912.1955532,92,6,19,3,2, 4,04-19,04019,04,19,29912.1964807,215,ELEMENTARY SCHOOL,04-19 Candlewood ES,23,1270692.69166063,532522.508349329,04-19,Candlewood ES, 7210 Osprey Dr Rockville MD 20855,-77.146787750205,39.1287861060197,Rockville MD 20855,7210 Osprey Dr,-77.146787750205,29912.1964806782,27123361.2017381,39.1287861060197
187,184,1,183,0,18783110.7636,23284.2338982,89,6,17,3,2, 9,09-27,09027,09,27,23284.2336438,91,ELEMENTARY SCHOOLS,09-27 Rachel Carson ES,168,1242242.87497094,528319.312452808,09-27,Rachel Carson ES, 100 Tschiffely Square Rd Gaithersburg MD 20878,-77.2470359348,39.1170772504001,Gaithersburg MD 20878,100 Tschiffely Square Rd,-77.2470359348,23284.2336437685,18783110.7958548,39.1170772504001
188,185,1,184,0,123206847.388,53615.6689881,88,3,14,5,5, 5,05-15,05015,05,15,53615.6692475,1,ELEMENTARY SCHOOLS,05-15 Cloverly ES,195,1313966.88881448,524795.082551494,05-15,Cloverly Elementary School,800 Briggs Chaney Rd Silver Spring MD 20905,-76.9942432536824,39.1076612628035,Silver Spring MD 20905,800 Briggs Chaney Rd,-76.9942432536824,53615.6692474743,123206847.264773,39.1076612628035
189,186,1,185,0,20031535.793,26567.1130226,87,6,19,3,2, 9,09-10,09010,09,10,26567.1136463,82,ELEMENTARY SCHOOLS,09-10 Washington Grove ES,93,1261914.75010483,533886.687530756,09-10,Washington Grove ES, 8712 Oakmont St Gaithersburg MD 20877,-77.1777402319,39.1324887754001,Gaithersburg MD 20877,8712 Oakmont St,-77.1777402319,26567.1136463647,20031535.9070774,39.1324887754001
190,187,1,186,0,24962245.6307,25041.7478972,86,6,17,3,2, 9,09-13,09013,09,13,25041.7492521,97,ELEMENTARY SCHOOLS,09-13 Diamond ES,94,1244563.75001755,535099.062566757,09-13,Diamond ES, 4 Marquis Dr Gaithersburg MD 20878,-77.2389185171999,39.1357087649,Gaithersburg MD 20878,4 Marquis Dr,-77.2389185171999,25041.7492520501,24962245.7919926,39.1357087649
191,188,1,187,0,55374823.0443,41125.1958311,85,6,17,3,2, 9,09-02,09002,09,02,41125.1961924,86,HIGH SCHOOLS,09-02 Gaithersburg HS,88,1256885.12497407,534753.125019073,09-02,Gaithersburg HS, 101 Education Blvd Gaithersburg MD 20877,-77.1954776182999,39.1348394458001,Gaithersburg MD 20877,101 Education Blv,-77.1954776182999,41125.196192447,55374822.4289219,39.1348394458001
192,191,1,190,0,126149121.614,67528.6531306,82,6,19,3,5, 4,04-34,04034,04,34,67528.6537979,169,PRIVATE,04-34 Shady Grove Presbyterian,187,1270956.83282515,534288.788605615,04-34,Shady Grove Presbyterian Church, 16911 Redland Rd Derwood MD 20855,-77.1458665745339,39.1336367914695,DERWOOD MD 20855,16911 REDLAND RD,-77.1458665745339,67528.6537978269,126149121.73613,39.1336367914695
193,192,1,191,0,214906193.069,92275.6497597,81,3,14,5,5, 5,05-18,05018,05,18,92275.6494579,59,ELEMENTARY SCHOOLS,05-18 Burtonsville ES,194,1330375.25012717,526153.437482029,05-18,Burtonsville ES, 15516 Old Columbia Pike Burtonsville MD 20866,-76.9364158921001,39.1113736951,BURTONSVILLE MD 20866,15516 OLD COLUMBIA PIKE,-76.9364158921001,92275.6494578904,214906192.61499,39.1113736951
194,193,1,192,0,191103235.704,65661.8061233,80,6,15,2,2, 6,06-01,06001,06,01,65661.8063146,93,ELEMENTARY SCHOOLS,06-01 Jones Lane ES,190,1236941.47235163,523338.496472269,06-01,Jones Lane ES, 15110 Jones Ln Gaithersburg MD 20878,-77.2656696975528,39.1033609455114,GAITHERSBURG MD 20878,15110 JONES LN,-77.2656696975528,65661.8063146731,191103235.421535,39.1033609455114
195,194,1,193,0,35750276.686,26945.8423684,79,3,14,4,5, 8,08-09,08009,08,09,26945.8422912,45,ELEMENTARY SCHOOLS,08-09 Cashell ES,81,1287963.15431897,535606.529321909,08-09,Cashell ES, 17101 Cashell Rd Rockville MD 20853,-77.0859177884,39.1373140735,Rockville MD 20853,17101 Cashell Rd,-77.0859177884,26945.8422912448,35750277.1019912,39.1373140735
196,195,1,194,0,24520921.3098,26932.4717119,78,6,19,3,2, 9,09-36,09036,09,36,26932.4717361,84,MIDDLE SCHOOLS,09-36 Shady Grove MS,107,1266202.99990654,537763.500129238,09-36,Shady Grove MS, 8100 Midcounty Hwy Gaithersburg MD 20877,-77.1626472824,39.1431549327,Gaithersburg MD 20877,8100 Midcounty Hwy,-77.1626472824,26932.471736095,24520921.2497844,39.1431549327
197,196,1,195,0,30966500.1004,28519.2824437,77,6,19,3,2, 9,09-14,09014,09,14,28519.2822037,189,PRIVATE,09-14 Neighborhood Church (Derwood Alliance),212,1269192.8416137,531602.752389506,09-14,Neighborhood  Church (Derwood Alliance), 16501 Redland Rd Rockville MD 20855,-77.152069472718,39.1262540687153,ROCKVILLE MD 20855,16501 REDLAND RD,-77.152069472718,28519.2822037216,30966500.136354,39.1262540687153
198,198,1,197,0,47426393.5875,32927.955844,75,6,17,3,2, 9,09-16,09016,09,16,32927.956122,190,PRIVATE,09-16 WSSC Depot,248,1254297.94854218,536435.893321112,09-16,WSSC Gaithersburg Depot, 111 W Diamond Ave Gaithersburg MD 20877,-77.2046117405842,39.1394440992411,GAITHERSBURG MD 20877,111 W DIAMOND AVE,-77.2046117405842,32927.9561220559,47426393.2898173,39.1394440992411
199,199,1,198,0,20484202.3058,22289.2608922,74,6,17,3,2, 9,09-03,09003,09,03,22289.2610005,96,ELEMENTARY SCHOOLS,09-03 Brown Station ES,86,1246913.25017822,536230.999848351,09-03,Brown Station ES, 851 Quince Orchard Blvd Gaithersburg MD 20878,-77.230645581866,39.1388332068543,Gaithersburg MD 20878,851 Quince Orchard Blv,-77.230645581866,22289.2610003941,20484202.371842,39.1388332068543
200,202,1,201,0,15487719.3378,17843.5612423,71,3,14,4,5, 8,08-10,08010,08,10,17843.5614143,188,MIDDLE SCHOOLS,08-10 William H. Farquhar MS,213,1299857.93099418,535269.999879166,08-10,William H. Farquhar MS, 17017 Batchellors Forest Rd Olney MD 20832,-77.0439818386602,39.1364133298293,OLNEY MD 20832,17017 BATCHELLORS FOREST RD,-77.0439818386602,17843.5614142752,15487719.236121,39.1364133298293
201,203,1,202,0,89285991.5921,49432.7962458,70,6,39,3,2, 6,06-03,06003,06,03,49432.7975318,100,MIDDLE SCHOOLS,06-03 Ridgeview MS,49,1241621.49998611,532174.187631458,06-03,Ridgeview MS, 16600 Raven Rock Dr Gaithersburg MD 20878,-77.249263077,39.127656608,Gaithersburg MD 20878,16600 Raven Rock Dr,-77.249263077,49432.7975318991,89285991.8618415,39.127656608
202,204,1,203,0,12401277.0497,18355.6273416,69,6,17,3,1, 9,09-28,09028,09,28,18355.627747,192,PRIVATE,09-28 Asbury 417 Comm Bldg,214,1255348.0414308,540404.083121389,09-28,Asbury 417 Community Building, 417 Russell Ave Gaithersburg MD 20877,-77.2009403005864,39.1503455686447,GAITHERSBURG MD 20877,417 RUSSELL AVE,-77.2009403005864,18355.627746969,12401277.1751449,39.1503455686447
203,206,1,205,0,21021794.9583,19032.0917051,67,6,19,4,1, 9,09-04,09004,09,04,19032.0917275,54,ELEMENTARY SCHOOLS,09-04 Mill Creek Towne ES,90,1268713.87503532,538948.999979064,09-04,Mill Creek Towne ES, 17700 Park Mill Dr Rockville MD 20855,-77.1538014463999,39.1464217940001,Rockville MD 20855,17700 Park Mill Dr,-77.1538014463999,19032.091727489,21021794.9944251,39.1464217940001
204,207,1,206,0,24102594.5209,24955.5203468,66,6,39,2,2, 6,06-10,06010,06,10,24955.5205466,70,ELEMENTARY SCHOOLS,06-10 Great Seneca Creek ES,55,1235883.99526002,541212.566671267,06-10,Great Seneca Creek ES, 13010 Dairymaid Dr Germantown MD 20874,-77.2695820686825,39.1524276139226,Germantown MD 20874,13010 Dairymaid Dr,-77.2695820686825,24955.5205465546,24102594.6426898,39.1524276139226
205,236,1,235,0,31455570.5969,31261.193675,37,6,15,2,1, 2,02-04,02004,02,04,31261.192959,69,ELEMENTARY SCHOOLS,02-04 Lake Seneca ES,101,1232069.20830537,552506.000063673,02-04,Lake Seneca ES, 13600 Wanegarden Dr Germantown MD 20874,-77.2831575309713,39.1834029155476,Germantown MD 20874,13600 Wanegarden Dr,-77.2831575309713,31261.1929590108,31455570.2485754,39.1834029155476
206,237,1,236,0,23164917.5138,20503.4118363,36,6,39,2,1, 9,09-09,09009,09,09,20503.4114342,9,ELEMENTARY SCHOOL,09-09 Whetstone ES,249,1256561.00001757,548143.000094473,09-09,Whetstone Elementary School,19201 Thomas Farm Rd Gaithersburg MD 20879,-77.1967220115698,39.1716007133686,Gaithersburg MD 20879,19201 Thomas Farm Rd,-77.1967220115698,20503.4114342101,23164917.723079,39.1716007133686
207,238,1,237,0,72543991.9574,66915.2128139,35,3,14,4,5, 8,08-02,08002,08,02,66915.2125493,27,ELEMENTARY SCHOOLS,08-02 Greenwood ES,76,1293998.72079112,545822.105669096,08-02,Greenwood ES, 3336 Gold Mine Rd Brookeville MD 20833,-77.0646647398608,39.1653756491703,Brookeville MD 20833,3336 Gold Mine Rd,-77.0646647398608,66915.2125493028,72543992.0656758,39.1653756491703
208,239,1,238,0,38588549.5978,31206.540281,6,6,39,4,1, 1,01-06,01006,01,06,32350.1488479,163,PRIVATE,01-06 Laytonsville Golf Course,178,1271544.90440564,557405.164257586,01-06,Laytonsville Golf Course, 7130 Dorsey Rd Laytonsville MD 20882,-77.1439218998815,39.1971074336539,GAITHERSBURG MD 20882,7130 DORSEY RD,-77.1439218998815,32350.1488479474,26290344.2565879,39.1971074336539
209,243,1,242,0,30431363.2857,27369.0896897,30,6,39,2,1, 9,09-12,09012,09,12,27369.0893248,105,HIGH SCHOOLS,09-12 Watkins Mill HS,95,1251152.62501648,552659.187520593,09-12,Watkins Mill HS, 10301 Apple Ridge Rd Gaithersburg MD 20879,-77.2158362049999,39.183966701,Gaithersburg MD 20879,10301 Apple Ridge Rd,-77.2158362049999,27369.0893248156,30431363.0604239,39.183966701
210,244,1,243,0,16149408.3233,21478.0354618,29,6,15,2,1, 2,02-05,02005,02,05,21478.0349262,72,MIDDLE SCHOOLS,02-05 Martin Luther King MS,102,1231515.74995162,551600.749947399,02-05,Dr Martin Luther King MS, 13737 Wisteria Dr Germantown MD 20874,-77.2851000470999,39.1809127605001,Germantown MD 20874,13737 Wisteria Dr,-77.2851000470999,21478.0349262785,16149408.2859597,39.1809127605001
211,245,1,244,0,42080020.1029,48788.1419617,28,6,39,2,1, 9,09-30,09030,09,30,48788.1428043,79,ELEMENTARY SCHOOLS,09-30 Capt James E Daly ES,103,1246452.62507349,554683.062460572,09-30,Capt James E Daly ES, 20301 Brandermill Dr Germantown MD 20876,-77.232435198,39.1894917072001,Germantown MD 20876,20301 Brandermill Dr,-77.232435198,48788.1428043243,42080020.3349892,39.1894917072001
212,248,1,247,0,175450851.724,69932.8439387,25,6,19,4,1, 1,01-05,01005,01,05,69932.8445,162,PRIVATE,01-05 Agricultural History Farm Park,179,1274444.21006267,545507.756569222,01-05,Agricultural History Farm Park, 18400 Muncaster Rd Derwood MD 20855,-77.1336302688923,39.1644542640007,DERWOOD MD 20855,18400 MUNCASTER RD,-77.1336302688923,69932.8445000089,175450852.28466,39.1644542640007
213,249,1,248,0,153955441.742,59521.2576537,24,3,14,4,5, 8,08-05,08005,08,05,59521.2573046,24,ELEMENTARY SCHOOLS,08-05 Belmont ES,80,1293395.9999394,550632.374934822,08-05,Belmont ES, 19528 Olney Mill Rd Olney MD 20832,-77.0668029032,39.1785814737,Olney MD 20832,19528 Olney Mill Rd,-77.0668029032,59521.2573045695,153955441.636994,39.1785814737
214,251,1,250,0,665095235.217,154826.256294,22,6,15,1,1, 3,03-01,03001,03,01,154826.256584,28,ELEMENTARY SCHOOLS,03-01 Poolesville ES,9,1196785.37503546,538299.437421724,03-01,Poolesville ES, 19565 Fisher Ave Poolesville MD 20837,-77.4074075373999,39.1440313164001,Poolesville MD 20837,19565 Fisher Ave,-77.4074075373999,154826.256584238,665095235.790662,39.1440313164001
215,252,1,251,0,128170237.659,58917.9539806,21,6,14,2,1, 1,01-02,01002,01,02,58917.9537299,107,ELEMENTARY SCHOOLS,01-02 Goshen ES,1,1261349.62497918,556427.437374622,01-02,Goshen ES, 8701 Warfield Rd Gaithersburg MD 20882,-77.1798890433999,39.194373374,Gaithersburg MD 20882,8701 Warfield Rd,-77.1798890433999,58917.9537299448,128170237.717588,39.194373374
216,253,1,252,0,370739574.828,159716.709254,20,3,14,4,5, 8,08-07,08007,08,07,159716.709534,57,ELEMENTARY SCHOOLS,08-07 Sherwood ES,83,1302941.62497421,540065.750207886,08-07,Sherwood ES, 1401 Olney-Sandy Spring Rd Sandy Spring MD 20860,-77.0331164576,39.1495841588,Sandy Spring MD 20860,1401 Olney Sandy Spring Rd,-77.0331164576,159716.709534057,370739575.073433,39.1495841588
217,254,1,253,0,33850080.3542,26432.8787295,19,6,15,2,1, 2,02-11,02011,02,11,26432.8781813,214,ELEMENTARY SCHOOL,02-11 Wilson Wims ES,10,1238260.33421274,572405.298847601,02-11,Wilson Wims ES, 12520 Blue Sky Dr Clarksburg MD 20871,-77.261517573739,39.2380880968428,Clarksburg MD 20871,12520 Blue Sky Dr,-77.261517573739,26432.8781812996,33850080.5185826,39.2380880968428
218,246,1,245,0,32869250.6304,29833.2829095,27,6,15,2,1, 2,02-03,02003,02,03,29833.2829899,73,ELEMENTARY SCHOOLS,02-03 Waters Landing ES,46,1236197.49996583,554389.437584892,02-03,Waters Landing ES, 13100 Waters Landing Dr Germantown MD 20874,-77.2686132909,39.1886082714,Germantown MD 20874,13100 Waters Landing Dr,-77.2686132909,29833.2829898385,32869251.0443065,39.1886082714
219,247,1,246,0,42527657.6417,31478.4616718,26,6,39,2,1, 9,09-25,09025,09,25,31478.4618479,78,ELEMENTARY SCHOOLS,09-25 Dr Sally K Ride ES,100,1245071.25000836,560997.249904215,09-25,Dr Sally K Ride ES, 21301 Seneca Crossing Dr Germantown MD 20876,-77.2373667612,39.2068179297,Germantown MD 20876,21301 Seneca Crossing Dr,-77.2373667612,31478.4618478369,42527657.7850809,39.2068179297
220,250,1,249,0,67293293.3709,38504.4683063,23,6,39,2,1, 2,02-01,02001,02,01,38504.4685526,63,MIDDLE SCHOOLS,02-01 Rocky Hill MS,47,1237688.59044288,566504.272329167,02-01,Rocky Hill MS, 22401 Brick Haven Way Clarksburg MD 20871,-77.2634759958,39.2218821148001,Clarksburg MD 20871,22401 Brick Haven Way,-77.2634759958,38504.4685526041,67293293.3490205,39.2218821148001
221,240,1,239,0,34437103.5208,30915.6139677,33,6,39,2,1, 9,09-18,09018,09,18,30915.613508,80,ELEMENTARY SCHOOLS,09-18 Fox Chapel ES,97,1243601.68068446,548372.104263559,09-18,Fox Chapel ES, 19315 Archdale Rd Germantown MD 20876,-77.2424345010986,39.1721441537514,Germantown MD 20876,19315 Archdale Rd,-77.2424345010986,30915.6135079636,34437103.615313,39.1721441537514
222,241,1,240,0,16441817.2364,20811.1895741,32,6,39,2,1, 9,09-34,09034,09,34,20811.1898507,81,MIDDLE SCHOOLS,09-34 Neelsville MS,106,1244154.25013323,556364.875075012,09-34,Neelsville MS, 11700 Neelsville Church Rd Germantown MD 20876,-77.2405597451,39.1940928847001,Germantown MD 20876,11700 Neelsville Church Rd,-77.2405597451,20811.189850733,16441817.1398939,39.1940928847001
223,242,1,241,0,26896283.2621,29406.9450123,31,6,39,2,1, 1,01-03,01003,01,03,29406.9439349,161,PRIVATE,01-03 Gaithersburg Ch of Nazarene,171,1260148.99655919,556736.382406503,01-03,Gaithersburg Church of the Nazarene, 8921 Warfield Rd Gaithersburg MD 20882,-77.1841274839003,39.1952150307919,GAITHERSBURG MD 20882,8921 WARFIELD RD,-77.1841274839003,29406.9439348908,26896283.1460115,39.1952150307919
224,220,1,219,0,36446389.2703,35737.191981,53,6,17,3,1, 9,09-15,09015,09,15,35737.1909282,111,ELEMENTARY SCHOOLS,09-15 Watkins Mill ES,252,1252502.25005278,546556.875107482,09-15,Watkins Mill ES, 19001 Watkins Mill Rd Montgomery Village MD 20886,-77.2110251861999,39.1672209879001,MONTGOMERY VILLAGE MD 20886,19001 WATKINS MILL RD,-77.2110251861999,35737.1909281555,36446389.1210821,39.1672209879001
225,221,1,220,0,20591288.1177,21021.6103282,52,6,39,2,2, 9,09-26,09026,09,26,21021.6104157,68,ELEMENTARY SCHOOLS,09-26 Clopper Mill ES,166,1238127.7500235,543610.999884933,09-26,Clopper Mill ES, 18501 Cinnamon Dr Germantown MD 20874,-77.2616942413999,39.1590306504,Germantown MD 20874,18501 Cinnamon Dr,-77.2616942413999,21021.6104156057,20591288.2012366,39.1590306504
226,222,1,221,0,15173542.2629,19380.8465369,51,6,39,2,1, 9,09-21,09021,09,21,19380.8468903,83,MIDDLE SCHOOLS,09-21 Forest Oak MS,98,1260022.4999833,541565.750102371,09-21,Forest Oak MS, 651 Saybrooke Oaks Blvd Gaithersburg MD 20877,-77.1844656502998,39.1535621295,Gaithersburg MD 20877,651 Saybrooke Oaks Blv,-77.1844656502998,19380.8468902747,15173542.2570173,39.1535621295
227,224,1,223,0,18214840.9924,21990.9985872,49,6,39,2,1, 9,09-29,09029,09,29,21990.9979631,71,MIDDLE SCHOOLS,09-29 Roberto W Clemente MS,104,1242022.99985938,546074.06243062,09-29,Roberto W Clemente MS, 18808 Waring Station Rd Germantown MD 20874,-77.2479808748999,39.1658230520001,Germantown MD 20874,18808 Waring Station Rd,-77.2479808748999,21990.9979630596,18214840.7213515,39.1658230520001
228,225,1,224,0,11793252.7202,16995.2792762,48,6,39,2,2, 9,09-41,09041,09,41,16995.2793345,217,Elementary School,09-41 Germantown ES,111,1233958.15979861,547553.98018682,09-41,Germantown ES, 19110 Liberty Mill Rd Germantown MD 20874,-77.2764407857298,39.1698226835031,Germantown MD 20874,19110 Liberty Mill Road,-77.2764407857298,16995.2793345401,11793252.7863685,39.1698226835031
229,226,1,225,0,59925742.0467,44592.0443617,47,3,19,4,5, 8,08-12,08012,08,12,44592.0429889,25,FORMER,08-12 Rosa M Parks MS,85,1289314.00007159,548237.937449038,08-12,Rosa M Parks MS, 19200 Olney Mill Rd Olney MD 20832,-77.0811949527999,39.1719982569001,Olney MD 20832,19200 Olney Mill Rd,-77.0811949527999,44592.0429888,59925742.2504692,39.1719982569001
230,229,1,228,0,82277666.3865,52032.3269729,44,8,19,4,5, 8,08-04,08004,08,04,52032.3251993,56,ELEMENTARY SCHOOLS,08-04 Sequoyah ES,79,1278936.24996348,536334.562304392,08-04,Sequoyah ES, 17301 Bowie Mill Rd Derwood MD 20855,-77.1177456873,39.1392853217001,Derwood MD 20855,17301 Bowie Mill Rd,-77.1177456873,52032.3251992559,82277666.3408045,39.1392853217001
231,227,1,226,0,22430483.4029,28868.2947017,46,6,39,2,1, 9,09-05,09005,09,05,28868.2964592,109,MIDDLE SCHOOLS,09-05 Montgomery Village MS,250,1252959.12510957,548482.312600479,09-05,Montgomery Village MS, 19300 Watkins Mill Rd Montgomery Village MD 20886,-77.2094293659,39.1725103244001,MONTGOMERY VILLAGE MD 20886,19300 WATKINS MILL RD,-77.2094293659,28868.2964592508,22430483.7758037,39.1725103244001
232,228,1,227,0,28393232.5443,23120.8705645,45,6,15,2,2, 2,02-02,02002,02,02,23120.8701549,76,MIDDLE SCHOOLS,02-02 Kingsview MS,2,1231514.62511724,546227.749944791,02-02,Kingsview MS, 18909 Kingsview Rd Germantown MD 20874,-77.2850448312,39.1661607823,Germantown MD 20874,18909 Kingsview Rd,-77.2850448312,23120.8701549488,28393232.5894563,39.1661607823
233,231,1,230,0,27399132.6498,23799.4929187,42,6,39,2,1, 9,09-08,09008,09,08,23799.4919886,75,HIGH SCHOOLS,09-08 Seneca Valley HS,92,1237396.74993558,549463.625059724,09-08,Seneca Valley HS, 19401 Crystal Rock Dr Germantown MD 20874,-77.2643319443,39.1750937217001,Germantown MD 20874,19401 Crystal Rock Dr,-77.2643319443,23799.4919885535,27399132.4529205,39.1750937217001
234,233,1,232,0,38588549.5978,31206.540281,40,6,39,4,1, 1,01-04,01004,01,04,31206.5405966,106,ELEMENTARY SCHOOLS,01-04 Judith A Resnik ES,5,1269250.12492931,551752.249940515,01-04,Judith A Resnik ES, 7301 Hadley Farms Dr Gaithersburg MD 20879,-77.1519858022,39.181576738,Gaithersburg MD 20879,7301 Hadley Farms Dr,-77.1519858022,31206.5405966908,38588549.3966219,39.181576738
235,234,1,233,0,25586047.5061,29465.1553976,39,6,39,2,1, 9,09-11,09011,09,11,29465.1558901,110,ELEMENTARY SCHOOLS,09-11 Stedwick ES,254,1252460.87484784,549158.499936253,09-11,Stedwick ES, 10631 Stedwick Rd Montgomery Village MD 20886,-77.2111923448999,39.1743636993,MONTGOMERY VILLAGE MD 20886,10631 STEDWICK RD,-77.2111923448999,29465.1558901907,25586047.2470466,39.1743636993
236,235,1,234,0,25506343.1932,24441.3621903,38,6,39,2,1, 9,09-22,09022,09,22,24441.3623194,104,ELEMENTARY SCHOOLS,09-22 Strawberry Knoll ES,99,1260634.55555668,546018.659722731,09-22,Strawberry Knoll ES, 18820 Strawberry Knoll Rd Gaithersburg MD 20879,-77.1823387054806,39.1657913771164,Gaithersburg MD 20879,18820 Strawberry Knoll Rd,-77.1823387054806,24441.362319428,25506342.948616,39.1657913771164
237,255,1,254,0,10561879.3702,13133.5841632,18,6,15,2,1, 2,02-10,02010,02,10,13133.5843369,64,ELEMENTARY SCHOOLS,02-10 Little Bennett ES,8,1234304.47960906,575391.482190967,02-10,Little Bennett ES, 23930 Burdette Forest Rd Clarksburg MD 20871,-77.2755156069662,39.2462547883394,Clarksburg MD 20871,23930 Burdette Forest Rd,-77.2755156069662,13133.5843369117,10561879.5052083,39.2462547883394
238,256,1,255,0,122177809.6,62129.65056,17,6,39,2,1, 2,02-06,02006,02,06,62129.6499183,61,MIDDLE SCHOOLS,02-06 Hallie Wells MS,3,1244455.45040984,570324.040049806,02-06,Hallie Wells MS, 11701 Little Seneca Pkwy Clarksburg MD 20871,-77.2396262948016,39.2324206232809,Clarksburg MD 20871,11701 Little Seneca Pkw,-77.2396262948016,62129.6499182107,122177809.207045,39.2324206232809
239,260,1,259,0,112720413.956,55869.7154355,13,8,14,2,1,12,12-03,12003,12,03,55869.7175043,102,ELEMENTARY SCHOOLS,12-03 Woodfield ES,222,1256183.12509499,577712.374893263,12-03,Woodfield ES, 24200 Woodfield Rd Gaithersburg MD 20882,-77.1982813985,39.2527827289001,GAITHERSBURG MD 20882,24200 WOODFIELD RD,-77.1982813985,55869.7175044297,112720413.780479,39.2527827289001
240,261,1,260,0,1001983781.91,151478.064374,12,6,15,2,1,11,11-00,11000,11,00,151478.064294,30,ELEMENTARY SCHOOLS,11-00 Monocacy ES,119,1201042.37494132,567504.249932811,11-00,Monocacy ES, 18801 Barnesville Rd Dickerson MD 20842,-77.392841199,39.2242659060001,Dickerson MD 20842,18801 Barnesville Rd,-77.392841199,151478.064293859,1001983782.08053,39.2242659060001
241,262,1,261,0,276761880.571,105526.655555,11,3,14,4,1, 1,01-07,01007,01,07,105526.656751,164,PRIVATE,01-07 Damascus Library,181,1255526.96510434,590510.11709787,01-07,Damascus Library, 9701 Main St Damascus MD 20872,-77.200697822475,39.2879150822869,DAMASCUS MD 20872,9701 MAIN ST,-77.200697822475,105526.656751027,276761880.390652,39.2879150822869
242,263,1,262,0,31829605.3769,27963.3126103,10,6,14,2,1,12,12-05,12005,12,05,27963.3128733,67,HIGH SCHOOLS,12-05 Damascus HS,123,1252883.87492105,588542.124933854,12-05,Damascus HS, 25921 Ridge Rd Damascus MD 20872,-77.2100198747999,39.2824956463,Damascus MD 20872,25921 Ridge Rd,-77.2100198747999,27963.3128732404,31829605.858985,39.2824956463
243,265,1,264,0,619274113.005,152447.029554,8,6,15,2,1, 2,02-08,02008,02,08,152447.028985,62,HIGH SCHOOLS,02-08 Clarksburg HS,4,1236942.668891,567957.190954849,02-08,Clarksburg HS, 22500 Wims Rd Clarksburg MD 20871,-77.2661238349992,39.2258652181409,Clarksburg MD 20871,22500 Wims Rd,-77.2661238349992,152447.028985552,619274112.666121,39.2258652181409
244,270,1,269,0,245512549.721,92948.8218165,3,8,14,2,1,12,12-01,12001,12,01,92948.8226836,65,ELEMENTARY SCHOOLS,12-01 Damascus ES,122,1252589.00001094,589639.125168577,12-01,Damascus ES, 10201 Bethesda Church Rd Damascus MD 20872,-77.2110705498999,39.285505588,Damascus MD 20872,10201 Bethesda Church Rd,-77.2110705498999,92948.8226836361,245512549.362242,39.285505588
245,176,1,175,0,48170627.1334,43571.3995413,98,8,19,4,5,13,13-60,13060,13,60,4813.62446623,,,,,,,,,,,,,,,4813.6244662231,638349.401073632,
246,178,1,177,0,12910001.3814,19987.3173338,95,8,14,4,5, 8,08-15,08015,08,15,19987.3181146,,,,,,,,,,,,,,,19987.3181145935,12910001.2876482,
247,151,1,150,0,311648.11847,3317.62873575,122,8,19,3,5, 4,04-36,04036,04,36,3317.62865238,,,,,,,,,,,,,,,3317.6286523791,311648.056268695,
248,157,1,156,0,10453223.8483,14937.3752365,116,8,19,3,5, 4,04-36,04036,04,36,14937.375462,,,,,,,,,,,,,,,14937.3754619868,10453223.8376833,
249,158,1,157,0,655925.231182,6585.47137546,115,8,17,3,5, 4,04-41,04041,04,41,6585.47133236,,,,,,,,,,,,,,,6585.47133235809,655925.1093271,
250,208,1,207,0,166959.564375,1855.32703766,65,6,39,3,1, 9,09-32,09032,09,32,1855.32764791,,,,,,,,,,,,,,,1855.32764794916,166959.588100504,
251,210,1,209,0,25199.9133554,709.63746904,63,6,39,3,1, 9,09-32,09032,09,32,709.63754392,,,,,,,,,,,,,,,709.637543905554,25199.9458993371,
252,217,1,216,0,261071577.665,99899.0768064,56,3,14,4,5, 8,08-06,08006,08,06,99899.0772591,,,,,,,,,,,,,,,99899.07725917,261071577.251915,
253,189,1,188,0,1301902.16054,5058.89210672,84,6,17,3,2, 6,06-16,06016,06,16,5058.89235608,,,,,,,,,,,,,,,5058.8923560526,1301902.07440975,
254,190,1,189,0,7410872.7258,14814.623638,83,6,39,3,2, 9,09-38,09038,09,38,14814.6234649,,,,,,,,,,,,,,,14814.6234648705,7410872.68949616,
255,197,1,196,0,3848070.16541,10040.117029,76,6,39,3,1, 9,09-32,09032,09,32,10040.1166618,,,,,,,,,,,,,,,10040.1166618003,3848070.27475298,
256,200,1,199,0,112899239.458,53078.7339025,73,8,19,4,5, 8,08-08,08008,08,08,53078.7340179,,,,,,,,,,,,,,,53078.7340178672,112899239.692516,
257,201,1,200,0,264196.604777,2479.10487038,72,6,17,4,1, 9,09-39,09039,09,39,2479.10515755,,,,,,,,,,,,,,,2479.1051575285,264196.644397604,
258,205,1,204,0,2024613.08888,8412.61440315,68,6,39,3,1, 9,09-32,09032,09,32,8412.61432707,,,,,,,,,,,,,,,8412.61432702897,2024612.98646735,
259,219,1,218,0,13152824.9577,21282.6706817,54,6,39,4,1, 9,09-37,09037,09,37,21282.6709628,,,,,,,,,,,,,,,21282.6709627584,13152824.993847,
260,223,1,222,0,46939796.1223,32408.0790125,50,6,15,2,2, 6,06-15,06015,06,15,32408.0793511,,,,,,,,,,,,,,,32408.0793511894,46939796.3304521,
261,230,1,229,0,127738639.892,64379.2116536,43,6,15,2,1, 6,06-11,06011,06,11,64379.2131891,,,,,,,,,,,,,,,64379.2131892334,127738639.727941,
262,232,1,231,0,7598359.73952,12501.7118218,41,8,14,4,5, 8,08-14,08014,08,14,12501.7123045,,,,,,,,,,,,,,,12501.7123045378,7598360.15869253,
263,257,1,256,0,128510503.387,61399.5953975,16,6,14,2,1,12,12-04,12004,12,04,61399.5973798,,,,,,,,,,,,,,,61399.5973799283,128510503.348019,
264,258,1,257,0,438549480.813,102704.782922,15,8,14,4,1, 1,01-01,01001,01,01,102704.785345,,,,,,,,,,,,,,,102704.785345394,438549480.411436,
265,259,1,258,0,65539922.5841,37906.9504426,14,6,14,2,1, 2,02-09,02009,02,09,37906.9503808,,,,,,,,,,,,,,,37906.9503807682,65539922.5728585,
266,264,1,263,0,61894688.1197,40427.6815434,9,8,14,4,1, 1,01-01,01001,01,01,40427.6801041,,,,,,,,,,,,,,,40427.6801041596,61894688.18217,
267,266,1,265,0,19541219.2295,17948.3415259,7,8,15,2,1, 2,02-07,02007,02,07,17948.3406774,,,,,,,,,,,,,,,17948.340677386,19541218.9895629,
268,267,1,266,0,258.60395449,65.89978275,6,0,0,0,0,0,OOC,OOC, , ,65.89986483,,,,,,,,,,,,,,,65.899864844482,258.600713913197,
269,268,1,267,0,21156.7603319,814.26018586,5,0,0,0,0,0,OOC,OOC, , ,814.25979814,,,,,,,,,,,,,,,814.259798147193,21156.7483700823,
270,269,1,268,0,4416.86271939,401.28646628,4,0,0,0,0,0,OOC,OOC, , ,401.28659739,,,,,,,,,,,,,,,401.286597421287,4416.85644996673,
271,271,1,270,0,379326703.371,112418.551658,2,8,14,2,1,12,12-02,12002,12,02,112418.552791,,,,,,,,,,,,,,,112418.552791376,379326704.003875,
